1429.8379614451924	1	Informatique	http://fr.wikipedia.org/wiki/Informatique	False	0.01234699845631449	89	13
1749.0423026798694	1	Mathématiques	http://fr.wikipedia.org/wiki/Math%c3%a9matiques	False	0.007598510689897755	43	13
2131.9452214617118	1	Langage	http://fr.wikipedia.org/wiki/Langage	False	0.008231339040666728	23	12
9307.667479500808	1	Nantes	http://fr.wikipedia.org/wiki/Nantes	False	0.01277872659671008	11	13
2355.722077306288	1	Langage naturel	http://fr.wikipedia.org/wiki/Langage_naturel	False	0.02160485971653793	11	13
3652.9940581123974	1	Culture	http://fr.wikipedia.org/wiki/Culture	False	0.008044910198285049	38	13
2852.4180466820912	1	Histoire	http://fr.wikipedia.org/wiki/Histoire	False	0.006854023961333343	21	13
1676.001457997362	1	Communication	http://fr.wikipedia.org/wiki/Communication	False	0.008565257816226555	39	13
959.6694261603428	1	Logiciel	http://fr.wikipedia.org/wiki/Logiciel	False	0.007036373168311796	27	13
5868.073773026658	1	Mastère spécialisé	http://fr.wikipedia.org/wiki/Mast%c3%a8re_sp%c3%a9cialis%c3%a9	False	0.01612144711819346	6	12
27630.980166960195	1	Pi	http://fr.wikipedia.org/wiki/Pi	False	0.00868099789321647	17	13
9894.588913432242	1	Années 1960	http://fr.wikipedia.org/wiki/Ann%c3%a9es_1960	False	0.006787290319481581	21	13
1559.5683744277837	1	Algorithme	http://fr.wikipedia.org/wiki/Algorithme	False	0.01020914785585679	16	13
1148.893570829669	1	Traitement automatique du langage naturel	http://fr.wikipedia.org/wiki/Traitement_automatique_du_langage_naturel	False	0.02638630343258841	15	13
1542.3920790834577	2	Cognition	http://fr.wikipedia.org/wiki/Cognition	False	0.02234964357162546	19	6
4957.701554319756	2	Émotion	http://fr.wikipedia.org/wiki/%c3%89motion	False	0.01790695454157128	13	6
2355.722077306288	2	Langage naturel	http://fr.wikipedia.org/wiki/Langage_naturel	False	0.01876091562544694	11	6
2668.1973599977327	2	Humanité	http://fr.wikipedia.org/wiki/Humanit%c3%a9	False	0.01300978845616752	28	6
2562.957727177837	2	Ordinateur	http://fr.wikipedia.org/wiki/Ordinateur	False	0.02519758889240651	33	6
2098.944927463748	2	Espace-temps	http://fr.wikipedia.org/wiki/Espace-temps	False	0.04069238221334422	6	6
2131.9452214617118	2	Langage	http://fr.wikipedia.org/wiki/Langage	False	0.01407363198827274	23	6
11065.063046066893	4	Biologie	http://fr.wikipedia.org/wiki/Biologie	False	0.003262390321979653	20	32
1429.8379614451924	4	Informatique	http://fr.wikipedia.org/wiki/Informatique	False	0.004149153759457153	89	33
12791.683402520555	4	Cappuccino (café)	http://fr.wikipedia.org/wiki/Cappuccino_(caf%c3%a9)	False	0.004556500088594439	8	26
1148.893570829669	4	Traitement automatique du langage naturel	http://fr.wikipedia.org/wiki/Traitement_automatique_du_langage_naturel	False	0.01381856939572069	15	28
3961.5677464951955	4	Participe	http://fr.wikipedia.org/wiki/Participe	False	0.003629037851540017	9	25
4536.25179252842	4	Université	http://fr.wikipedia.org/wiki/Universit%c3%a9	False	0.003471650743786596	17	32
3423.57143648821	4	Google	http://fr.wikipedia.org/wiki/Google	False	0.00318014112473339	22	33
4073.1958892674006	4	Téléphone	http://fr.wikipedia.org/wiki/T%c3%a9l%c3%a9phone	False	0.003764919754523596	10	31
6583.496660940821	4	Italie	http://fr.wikipedia.org/wiki/Italie	False	0.006373449714993536	25	33
3750.864867201797	4	Français	http://fr.wikipedia.org/wiki/Fran%c3%a7ais	False	0.003301190323615736	69	33
1969.7300470740881	4	Statistique	http://fr.wikipedia.org/wiki/Statistique	False	0.003391814757829419	22	31
3516.1661501799986	4	Langue	http://fr.wikipedia.org/wiki/Langue	False	0.003966039339870726	38	33
5777.88813513661	4	États-Unis	http://fr.wikipedia.org/wiki/%c3%89tats-Unis	False	0.003377762111630845	59	33
6968.787474229319	4	Italien	http://fr.wikipedia.org/wiki/Italien	False	0.004466977988990238	25	33
11370.462596404723	4	Expresso	http://fr.wikipedia.org/wiki/Expresso	False	0.004859824209339955	6	26
11765.663685133717	4	Lungo (café)	http://fr.wikipedia.org/wiki/Lungo_(caf%c3%a9)	False	0.005996941324137729	6	22
9339.288223449454	4	Arabe	http://fr.wikipedia.org/wiki/Arabe	False	0.00600245207197461	32	33
4510.931480004578	4	Guerre froide	http://fr.wikipedia.org/wiki/Guerre_froide	False	0.008232259137016654	19	32
2529.3907696619854	4	Traduction	http://fr.wikipedia.org/wiki/Traduction	False	0.005025796372193516	14	30
4656.103324175643	4	Médecine	http://fr.wikipedia.org/wiki/M%c3%a9decine	False	0.003446958104059119	24	30
748.0254605944118	4	Traitement de texte	http://fr.wikipedia.org/wiki/Traitement_de_texte	False	0.006259569402545421	12	25
2682.1896184890256	4	Santé	http://fr.wikipedia.org/wiki/Sant%c3%a9	False	0.003968573406086792	12	32
2495.298522334015	4	Correcteur (informatique)	http://fr.wikipedia.org/wiki/Correcteur_(informatique)	False	0.006849650619145424	14	30
5154.206108237672	4	Café	http://fr.wikipedia.org/wiki/Caf%c3%a9	False	0.005032992936695205	12	28
2078.0125723956976	4	Recherche scientifique	http://fr.wikipedia.org/wiki/Recherche_scientifique	False	0.003230403802956717	10	29
2562.957727177837	4	Ordinateur	http://fr.wikipedia.org/wiki/Ordinateur	False	0.003734906671665877	33	31
15525.489874849434	4	Allemand	http://fr.wikipedia.org/wiki/Allemand	False	0.003242138564983176	47	33
5012.7197925300725	4	Chine	http://fr.wikipedia.org/wiki/Chine	False	0.003861075474346885	36	32
6698.640043056254	4	Europe	http://fr.wikipedia.org/wiki/Europe	False	0.003915201729443621	59	33
3880.749572723193	4	Imprimerie	http://fr.wikipedia.org/wiki/Imprimerie	False	0.004018769937031216	22	32
2763.9833593215126	4	Intelligence artificielle	http://fr.wikipedia.org/wiki/Intelligence_artificielle	False	0.003278238909678315	33	30
15049.728289011067	4	Espagnol	http://fr.wikipedia.org/wiki/Espagnol	False	0.004914710453176924	29	33
959.6694261603428	4	Logiciel	http://fr.wikipedia.org/wiki/Logiciel	False	0.004221943734409305	27	33
2784.7695183033106	4	Traduction automatique	http://fr.wikipedia.org/wiki/Traduction_automatique	False	0.01236641908130157	7	28
959.6694261603428	5	Logiciel	http://fr.wikipedia.org/wiki/Logiciel	False	0.0082198185833673	27	19
3990.039486091796	5	Twitter	http://fr.wikipedia.org/wiki/Twitter	False	0.007741702890778342	8	18
3238.3454388868217	5	Dessin	http://fr.wikipedia.org/wiki/Dessin	False	0.004842611885054008	5	19
14709.533610062359	5	Genre (biologie)	http://fr.wikipedia.org/wiki/Genre_(biologie)	False	0.006114017972398233	8	15
4181.429591708855	5	Écriture	http://fr.wikipedia.org/wiki/%c3%89criture	False	0.005474111274541263	34	19
748.0254605944118	5	Traitement de texte	http://fr.wikipedia.org/wiki/Traitement_de_texte	False	0.01355310116401607	12	14
1887.562566443734	5	Moteur de recherche	http://fr.wikipedia.org/wiki/Moteur_de_recherche	False	0.01402365405083395	16	17
4115.381367356261	5	Photocopieur	http://fr.wikipedia.org/wiki/Photocopieur	False	0.01366215377060435	3	12
2638.8672731233555	5	Blog	http://fr.wikipedia.org/wiki/Blog	False	0.00624142998774435	11	16
3128.824276998047	5	Numérisation	http://fr.wikipedia.org/wiki/Num%c3%a9risation	False	0.01046422087026527	11	19
2901.928969646239	5	Tomodensitométrie	http://fr.wikipedia.org/wiki/Tomodensitom%c3%a9trie	False	0.01629065600262486	3	16
3547.2271286206205	5	Bibliothèque	http://fr.wikipedia.org/wiki/Biblioth%c3%a8que	False	0.00555480415178834	20	18
1850.385935756544	5	Information	http://fr.wikipedia.org/wiki/Information	False	0.005763655269379981	31	18
6406.645656347111	5	Papier	http://fr.wikipedia.org/wiki/Papier	False	0.006065520465394803	25	19
4273.90962458689	5	Texte	http://fr.wikipedia.org/wiki/Texte	False	0.004690096024750032	14	18
3516.1661501799986	5	Langue	http://fr.wikipedia.org/wiki/Langue	False	0.005944832988726007	38	19
3212.3627997580934	5	Livre (document)	http://fr.wikipedia.org/wiki/Livre_(document)	False	0.005617607185083748	12	19
2078.0125723956976	5	Recherche scientifique	http://fr.wikipedia.org/wiki/Recherche_scientifique	False	0.004999651521470411	10	17
3411.0468061209667	5	État	http://fr.wikipedia.org/wiki/%c3%89tat	False	0.004507051750976338	27	17
2668.1973599977327	5	Humanité	http://fr.wikipedia.org/wiki/Humanit%c3%a9	False	0.004713908502420125	28	17
14002.543885577328	6	Respiration	http://fr.wikipedia.org/wiki/Respiration	False	0.0694807600025344	2	1
1429.8379614451924	6	Informatique	http://fr.wikipedia.org/wiki/Informatique	False	0.04815235898505616	89	1
2742.100331474648	7	Expression régulière	http://fr.wikipedia.org/wiki/Expression_r%c3%a9guli%c3%a8re	False	0.07085342033914746	17	1
3513.009514835446	7	Linguistique	http://fr.wikipedia.org/wiki/Linguistique	False	0.04922966834753086	56	1
3600.381893327967	8	Mot	http://fr.wikipedia.org/wiki/Mot	False	0.0105515050188489	24	10
1014.2581484201671	8	Table de correspondance	http://fr.wikipedia.org/wiki/Table_de_correspondance	False	0.01132123252386852	1	5
3769.368596409902	8	Temps	http://fr.wikipedia.org/wiki/Temps	False	0.00896733007301402	21	9
4585.205945873931	8	Syllabe	http://fr.wikipedia.org/wiki/Syllabe	False	0.01863257368760458	17	10
9402.725043234666	8	Alphabet	http://fr.wikipedia.org/wiki/Alphabet	False	0.02151268077823327	17	9
59739.842746907125	8	Lettre (alphabet)	http://fr.wikipedia.org/wiki/Lettre_(alphabet)	False	0.01444354710741541	21	9
3062.0371355225016	8	Chiffre	http://fr.wikipedia.org/wiki/Chiffre	False	0.01039255441264499	27	10
1429.8379614451924	8	Informatique	http://fr.wikipedia.org/wiki/Informatique	False	0.01628586437362684	89	10
3398.195792011981	8	Logogramme	http://fr.wikipedia.org/wiki/Logogramme	False	0.0284125869874029	16	9
4181.429591708855	8	Écriture	http://fr.wikipedia.org/wiki/%c3%89criture	False	0.01324824185757927	34	9
6210.640305306999	8	Symbole	http://fr.wikipedia.org/wiki/Symbole	False	0.01661862213072776	21	10
3463.977159931122	9	Nombre	http://fr.wikipedia.org/wiki/Nombre	False	0.01067187665736114	14	8
7779.331060421627	9	Ponctuation	http://fr.wikipedia.org/wiki/Ponctuation	False	0.02369679097742634	20	8
1489.3648538475106	9	Bit	http://fr.wikipedia.org/wiki/Bit	False	0.02741127411520113	15	8
959.6694261603428	9	Logiciel	http://fr.wikipedia.org/wiki/Logiciel	False	0.0101094068720047	27	8
9402.725043234666	9	Alphabet	http://fr.wikipedia.org/wiki/Alphabet	False	0.01339344089944747	17	8
6210.640305306999	9	Symbole	http://fr.wikipedia.org/wiki/Symbole	False	0.02094040247449988	21	8
10054.153092670587	9	Caractère de contrôle	http://fr.wikipedia.org/wiki/Caract%c3%a8re_de_contr%c3%b4le	False	0.02534279186548373	5	8
4538.332680955265	9	Code (information)	http://fr.wikipedia.org/wiki/Code_(information)	False	0.01164272359720302	19	8
3062.0371355225016	9	Chiffre	http://fr.wikipedia.org/wiki/Chiffre	False	0.01202673202434001	27	8
6635.492218063945	10	Angleterre	http://fr.wikipedia.org/wiki/Angleterre	False	0.009209594897466658	26	14
7779.331060421627	10	Ponctuation	http://fr.wikipedia.org/wiki/Ponctuation	False	0.01466927651933073	20	14
5987.577519744059	10	Codage des caractères	http://fr.wikipedia.org/wiki/Codage_des_caract%c3%a8res	False	0.009655998772613647	16	14
2832.416628593821	10	Norme	http://fr.wikipedia.org/wiki/Norme	False	0.008794173364727481	22	14
3179.4635402306094	10	American Standard Code for Information Interchange	http://fr.wikipedia.org/wiki/American_Standard_Code_for_Information_Interchange	False	0.01322349512152485	42	14
5878.6282179581385	10	Anglais	http://fr.wikipedia.org/wiki/Anglais	False	0.02226746127041263	55	14
9402.725043234666	10	Alphabet	http://fr.wikipedia.org/wiki/Alphabet	False	0.007797644568956694	17	14
5491.407618028198	10	Capitale et majuscule	http://fr.wikipedia.org/wiki/Capitale_et_majuscule	False	0.008262604104023838	19	14
3062.0371355225016	10	Chiffre	http://fr.wikipedia.org/wiki/Chiffre	False	0.007192043842195101	27	14
1749.0423026798694	10	Mathématiques	http://fr.wikipedia.org/wiki/Math%c3%a9matiques	False	0.00714650748713031	43	14
3516.1661501799986	10	Langue	http://fr.wikipedia.org/wiki/Langue	False	0.008407110775374654	38	14
20199.634270099883	10	Années 1970	http://fr.wikipedia.org/wiki/Ann%c3%a9es_1970	False	0.006547765530355717	21	14
1429.8379614451924	10	Informatique	http://fr.wikipedia.org/wiki/Informatique	False	0.00858107693027616	89	14
1489.3648538475106	10	Bit	http://fr.wikipedia.org/wiki/Bit	False	0.02206772609016267	15	14
9237.055669795785	10	Années 1990	http://fr.wikipedia.org/wiki/Ann%c3%a9es_1990	False	0.0069544474935117	24	14
5805.079069576719	11	Système décimal	http://fr.wikipedia.org/wiki/Syst%c3%a8me_d%c3%a9cimal	False	0.04026798514451367	9	5
3179.4635402306094	11	American Standard Code for Information Interchange	http://fr.wikipedia.org/wiki/American_Standard_Code_for_Information_Interchange	False	0.04069585191036559	42	5
5184.409870415372	11	Système hexadécimal	http://fr.wikipedia.org/wiki/Syst%c3%a8me_hexad%c3%a9cimal	False	0.03554857527022873	12	5
5909.827275272626	11	Multiplication	http://fr.wikipedia.org/wiki/Multiplication	False	0.01651042956593826	6	5
59739.842746907125	11	Lettre (alphabet)	http://fr.wikipedia.org/wiki/Lettre_(alphabet)	False	0.01599370093367433	21	5
7657.4865817435675	11	Unité de mesure	http://fr.wikipedia.org/wiki/Unit%c3%a9_de_mesure	False	0.01794210436114506	9	5
8332.911970190009	12	Breton	http://fr.wikipedia.org/wiki/Breton	False	0.003685511274541265	22	33
12503.091941129254	12	Tréma	http://fr.wikipedia.org/wiki/Tr%c3%a9ma	False	0.00543929736922942	10	31
3516.1661501799986	12	Langue	http://fr.wikipedia.org/wiki/Langue	False	0.004038346630735489	38	33
9982.616299439518	12	Portugais	http://fr.wikipedia.org/wiki/Portugais	False	0.004324270964359215	19	33
8522.532483903738	12	Ligature (écriture)	http://fr.wikipedia.org/wiki/Ligature_(%c3%a9criture)	False	0.01056243762817064	13	33
10241.602297931278	12	Suède	http://fr.wikipedia.org/wiki/Su%c3%a8de	False	0.004394758268343362	18	33
6582.461028533453	12	Suisse	http://fr.wikipedia.org/wiki/Suisse	False	0.002621164217582338	30	33
6968.787474229319	12	Italien	http://fr.wikipedia.org/wiki/Italien	False	0.00262705451264667	25	33
4544.310303908553	12	Finnois	http://fr.wikipedia.org/wiki/Finnois	False	0.006834684475554078	9	33
2824.5848831526782	12	Droit	http://fr.wikipedia.org/wiki/Droit	False	0.002519832220397021	15	31
3275.8267050094387	12	Famille de langues	http://fr.wikipedia.org/wiki/Famille_de_langues	False	0.003465084883176126	15	33
4181.429591708855	12	Écriture	http://fr.wikipedia.org/wiki/%c3%89criture	False	0.002848375462156915	34	33
15049.728289011067	12	Espagnol	http://fr.wikipedia.org/wiki/Espagnol	False	0.00264755913284313	29	33
1489.3648538475106	12	Bit	http://fr.wikipedia.org/wiki/Bit	False	0.002577963885279343	15	29
7499.312781435438	12	Ethnie	http://fr.wikipedia.org/wiki/Ethnie	False	0.002653222800225146	17	33
6698.640043056254	12	Europe	http://fr.wikipedia.org/wiki/Europe	False	0.003320962945657269	59	33
9690.019892582653	12	Langues germaniques	http://fr.wikipedia.org/wiki/Langues_germaniques	False	0.004633251014393742	12	33
9989.710500762509	12	Grec ancien	http://fr.wikipedia.org/wiki/Grec_ancien	False	0.003184993872316553	36	33
5036.777499330752	12	Féroïen	http://fr.wikipedia.org/wiki/F%c3%a9ro%c3%afen	False	0.006646500061134651	8	30
1749.0423026798694	12	Mathématiques	http://fr.wikipedia.org/wiki/Math%c3%a9matiques	False	0.004308232305232597	43	33
9690.081037576148	12	Europe de l'Est	http://fr.wikipedia.org/wiki/Europe_de_l%27Est	False	0.002741803114726728	5	32
13165.951485972113	12	Latin	http://fr.wikipedia.org/wiki/Latin	False	0.007932070330196241	59	33
6210.640305306999	12	Symbole	http://fr.wikipedia.org/wiki/Symbole	False	0.003063852235981727	21	33
2965.026521037635	12	Ingénieur	http://fr.wikipedia.org/wiki/Ing%c3%a9nieur	False	0.002786384939912334	17	32
2930.9474772243298	12	Littérature	http://fr.wikipedia.org/wiki/Litt%c3%a9rature	False	0.002628221073499399	17	33
15525.489874849434	12	Allemand	http://fr.wikipedia.org/wiki/Allemand	False	0.003096737636204415	47	33
6866.655186378368	12	Belgique	http://fr.wikipedia.org/wiki/Belgique	False	0.005015737257540078	24	33
5250.42771470703	12	Danemark	http://fr.wikipedia.org/wiki/Danemark	False	0.006804237500421492	14	33
5884.178266755021	12	Pays-Bas	http://fr.wikipedia.org/wiki/Pays-Bas	False	0.00419998775599956	19	33
2500.842608124298	12	Sémantique	http://fr.wikipedia.org/wiki/S%c3%a9mantique	False	0.002571185844273879	30	33
23625.04883855088	12	Légende urbaine	http://fr.wikipedia.org/wiki/L%c3%a9gende_urbaine	False	0.004899156799685859	5	30
2852.4180466820912	12	Histoire	http://fr.wikipedia.org/wiki/Histoire	False	0.002845986722053121	21	33
7851.042767136669	12	Norvège	http://fr.wikipedia.org/wiki/Norv%c3%a8ge	False	0.007008331957454678	17	33
5878.6282179581385	12	Anglais	http://fr.wikipedia.org/wiki/Anglais	False	0.002494723217856477	55	33
6967.527740127665	13	Langues chinoises	http://fr.wikipedia.org/wiki/Langues_chinoises	False	0.004956334202225228	19	19
6210.640305306999	13	Symbole	http://fr.wikipedia.org/wiki/Symbole	False	0.005278276644308837	21	19
2832.416628593821	13	Norme	http://fr.wikipedia.org/wiki/Norme	False	0.005560260938393103	22	19
2542.5157736826404	13	Unicode	http://fr.wikipedia.org/wiki/Unicode	False	0.02488549136216751	39	18
959.6694261603428	13	Logiciel	http://fr.wikipedia.org/wiki/Logiciel	False	0.007551290886218904	27	19
3217.239528127355	13	Octet	http://fr.wikipedia.org/wiki/Octet	False	0.008250791630302628	20	19
9894.588913432242	13	Années 1960	http://fr.wikipedia.org/wiki/Ann%c3%a9es_1960	False	0.004498759382983638	21	19
4181.429591708855	13	Écriture	http://fr.wikipedia.org/wiki/%c3%89criture	False	0.004315965877821014	34	18
1743.4613906237735	13	Développeur	http://fr.wikipedia.org/wiki/D%c3%a9veloppeur	False	0.005444071802833103	11	18
4874.611692899358	13	Baccalauréat en France	http://fr.wikipedia.org/wiki/Baccalaur%c3%a9at_en_France	False	0.004497703862955233	8	18
2906.2069909431334	13	Paradigme	http://fr.wikipedia.org/wiki/Paradigme	False	0.004383843032901947	14	19
2562.957727177837	13	Ordinateur	http://fr.wikipedia.org/wiki/Ordinateur	False	0.007260516993718349	33	19
7558.9705748748875	13	Technique	http://fr.wikipedia.org/wiki/Technique	False	0.004454739634344606	28	19
3516.1661501799986	13	Langue	http://fr.wikipedia.org/wiki/Langue	False	0.004984977782762427	38	19
1489.3648538475106	13	Bit	http://fr.wikipedia.org/wiki/Bit	False	0.01619890983397269	15	19
5987.577519744059	13	Codage des caractères	http://fr.wikipedia.org/wiki/Codage_des_caract%c3%a8res	False	0.01186031773868709	16	19
5012.7197925300725	13	Chine	http://fr.wikipedia.org/wiki/Chine	False	0.005296029678320386	36	19
4536.25179252842	13	Université	http://fr.wikipedia.org/wiki/Universit%c3%a9	False	0.004358907957747542	17	19
1749.0423026798694	13	Mathématiques	http://fr.wikipedia.org/wiki/Math%c3%a9matiques	False	0.005009199841663981	43	19
7079.099460991425	13	Japon	http://fr.wikipedia.org/wiki/Japon	False	0.01120618372056839	32	19
9402.725043234666	14	Alphabet	http://fr.wikipedia.org/wiki/Alphabet	False	0.01489701748377272	17	5
3217.239528127355	14	Octet	http://fr.wikipedia.org/wiki/Octet	False	0.04224688205946307	20	5
1489.3648538475106	14	Bit	http://fr.wikipedia.org/wiki/Bit	False	0.0234240462526354	15	5
6507.571228166931	14	Coréen	http://fr.wikipedia.org/wiki/Cor%c3%a9en	False	0.02142643360786123	22	5
3179.4635402306094	14	American Standard Code for Information Interchange	http://fr.wikipedia.org/wiki/American_Standard_Code_for_Information_Interchange	False	0.02114166407494205	42	5
4516.464323351132	14	Japonais	http://fr.wikipedia.org/wiki/Japonais	False	0.01571490960421347	24	5
6027.318109078026	15	Système binaire	http://fr.wikipedia.org/wiki/Syst%c3%a8me_binaire	False	0.01917487495227635	16	5
3217.239528127355	15	Octet	http://fr.wikipedia.org/wiki/Octet	False	0.06068832345213023	20	5
3179.4635402306094	15	American Standard Code for Information Interchange	http://fr.wikipedia.org/wiki/American_Standard_Code_for_Information_Interchange	False	0.02671456461039196	42	5
7079.099460991425	15	Japon	http://fr.wikipedia.org/wiki/Japon	False	0.02484377064019221	32	5
3062.0371355225016	15	Chiffre	http://fr.wikipedia.org/wiki/Chiffre	False	0.01804605096328285	27	5
4516.464323351132	15	Japonais	http://fr.wikipedia.org/wiki/Japonais	False	0.02264978435683313	24	5
3841.825844579432	16	Linux	http://fr.wikipedia.org/wiki/Linux	False	0.01231848295660624	15	10
805.3079582594867	16	Programme informatique	http://fr.wikipedia.org/wiki/Programme_informatique	False	0.00852599899484083	18	9
909.2739666084233	16	Système d'exploitation	http://fr.wikipedia.org/wiki/Syst%c3%a8me_d%27exploitation	False	0.01950868469466055	20	10
9009.201373459378	16	Tiret	http://fr.wikipedia.org/wiki/Tiret	False	0.01187551137297864	6	9
2562.957727177837	16	Ordinateur	http://fr.wikipedia.org/wiki/Ordinateur	False	0.01388139931927536	33	10
2500.842608124298	16	Sémantique	http://fr.wikipedia.org/wiki/S%c3%a9mantique	False	0.008399884712052096	30	10
9402.725043234666	16	Alphabet	http://fr.wikipedia.org/wiki/Alphabet	False	0.008221533975334242	17	10
748.0254605944118	16	Traitement de texte	http://fr.wikipedia.org/wiki/Traitement_de_texte	False	0.01739062636727895	12	10
5987.577519744059	16	Codage des caractères	http://fr.wikipedia.org/wiki/Codage_des_caract%c3%a8res	False	0.008116197854273779	16	10
13165.951485972113	16	Latin	http://fr.wikipedia.org/wiki/Latin	False	0.01520316989910408	59	11
6807.621209316547	16	For (droit)	http://fr.wikipedia.org/wiki/For_(droit)	False	0.00884294334325357	5	1
4246.128478718677	16	Fichier texte	http://fr.wikipedia.org/wiki/Fichier_texte	False	0.02615467628189935	12	10
1529.9814251426324	17	Chaîne de caractères	http://fr.wikipedia.org/wiki/Cha%c3%aene_de_caract%c3%a8res	False	0.01027598199541319	16	9
5776.644016057842	17	Point-virgule	http://fr.wikipedia.org/wiki/Point-virgule	False	0.008879408922962028	15	10
4039.784243350278	17	Dictionnaire	http://fr.wikipedia.org/wiki/Dictionnaire	False	0.008004978024021423	19	8
3600.381893327967	17	Mot	http://fr.wikipedia.org/wiki/Mot	False	0.01054990632594468	24	9
1136.715114063928	17	Séparateur de mots	http://fr.wikipedia.org/wiki/S%c3%a9parateur_de_mots	False	0.0507312190152177	9	9
11745.644447314025	17	Apostrophe (typographie)	http://fr.wikipedia.org/wiki/Apostrophe_(typographie)	False	0.008440959474175306	18	9
7189.361068618873	17	Virgule	http://fr.wikipedia.org/wiki/Virgule	False	0.008563762999705973	15	9
5614.300321000662	17	Deltaplane	http://fr.wikipedia.org/wiki/Deltaplane	False	0.008212245638568122	1	2
748.0254605944118	17	Traitement de texte	http://fr.wikipedia.org/wiki/Traitement_de_texte	False	0.008255917648025019	12	8
1059.4824623010488	17	Séparateur (informatique)	http://fr.wikipedia.org/wiki/S%c3%a9parateur_(informatique)	False	0.01266177980876311	5	7
9402.725043234666	17	Alphabet	http://fr.wikipedia.org/wiki/Alphabet	False	0.01166017177666426	17	10
5776.644016057842	18	Point-virgule	http://fr.wikipedia.org/wiki/Point-virgule	False	0.02976176495553343	15	12
1749.0423026798694	18	Mathématiques	http://fr.wikipedia.org/wiki/Math%c3%a9matiques	False	0.01141358299313448	43	12
3062.0371355225016	18	Chiffre	http://fr.wikipedia.org/wiki/Chiffre	False	0.01272692985572717	27	12
3356.2141435799977	18	Point d'interrogation	http://fr.wikipedia.org/wiki/Point_d%27interrogation	False	0.01829832364156813	16	12
5878.6282179581385	18	Anglais	http://fr.wikipedia.org/wiki/Anglais	False	0.0147699471583537	55	12
3600.381893327967	18	Mot	http://fr.wikipedia.org/wiki/Mot	False	0.01263649594004491	24	12
5805.079069576719	18	Système décimal	http://fr.wikipedia.org/wiki/Syst%c3%a8me_d%c3%a9cimal	False	0.01298911321886582	9	12
1429.8379614451924	18	Informatique	http://fr.wikipedia.org/wiki/Informatique	False	0.01552178607635968	89	12
3260.818998146459	18	Point (signe)	http://fr.wikipedia.org/wiki/Point_(signe)	False	0.01143314896387009	15	12
3023.8174735166467	18	Phrase	http://fr.wikipedia.org/wiki/Phrase	False	0.01759027054081711	15	12
3880.749572723193	18	Imprimerie	http://fr.wikipedia.org/wiki/Imprimerie	False	0.01116782208931617	22	12
6432.244741872971	18	Point d'exclamation	http://fr.wikipedia.org/wiki/Point_d%27exclamation	False	0.0219842505976524	20	12
7189.361068618873	18	Virgule	http://fr.wikipedia.org/wiki/Virgule	False	0.01738655796857473	15	12
13165.951485972113	19	Latin	http://fr.wikipedia.org/wiki/Latin	False	0.007916995128996317	59	13
3260.5157659059414	19	Fréquence	http://fr.wikipedia.org/wiki/Fr%c3%a9quence	False	0.02320880015586417	12	11
2356.761453510393	19	Définition	http://fr.wikipedia.org/wiki/D%c3%a9finition	False	0.006270178975273022	8	12
1529.9814251426324	19	Chaîne de caractères	http://fr.wikipedia.org/wiki/Cha%c3%aene_de_caract%c3%a8res	False	0.02065107860706883	16	12
1136.715114063928	19	Séparateur de mots	http://fr.wikipedia.org/wiki/S%c3%a9parateur_de_mots	False	0.01355310681675857	9	8
1749.0423026798694	19	Mathématiques	http://fr.wikipedia.org/wiki/Math%c3%a9matiques	False	0.01033917263263972	43	13
59739.842746907125	19	Lettre (alphabet)	http://fr.wikipedia.org/wiki/Lettre_(alphabet)	False	0.006386863289628785	21	13
9402.725043234666	19	Alphabet	http://fr.wikipedia.org/wiki/Alphabet	False	0.008427254501663229	17	13
3463.977159931122	19	Nombre	http://fr.wikipedia.org/wiki/Nombre	False	0.007146380004917004	14	12
2513.1101018425898	19	Fonction (mathématiques)	http://fr.wikipedia.org/wiki/Fonction_(math%c3%a9matiques)	False	0.006179779247181422	7	11
2933.6602741221295	19	Loi	http://fr.wikipedia.org/wiki/Loi	False	0.006442030967041344	17	12
3600.381893327967	19	Mot	http://fr.wikipedia.org/wiki/Mot	False	0.008940060477559002	24	13
1682.8979994771914	19	Algorithmique	http://fr.wikipedia.org/wiki/Algorithmique	False	0.01216097068622759	15	13
3808.980404588001	19	Hapax	http://fr.wikipedia.org/wiki/Hapax	False	0.01937905835342987	6	8
3516.1661501799986	20	Langue	http://fr.wikipedia.org/wiki/Langue	False	0.009582977084512308	38	10
1818.7822717286851	20	Locuteur	http://fr.wikipedia.org/wiki/Locuteur	False	0.007476882845915488	7	10
3204.84878142947	20	Science	http://fr.wikipedia.org/wiki/Science	False	0.009987557107465048	43	10
4766.6075332801365	20	Années 1930	http://fr.wikipedia.org/wiki/Ann%c3%a9es_1930	False	0.01220999973172875	15	10
3702.8755366661935	20	Empirisme	http://fr.wikipedia.org/wiki/Empirisme	False	0.0123999780483582	7	9
2933.6602741221295	20	Loi	http://fr.wikipedia.org/wiki/Loi	False	0.01180993722830625	17	10
3600.381893327967	20	Mot	http://fr.wikipedia.org/wiki/Mot	False	0.00855258508930855	24	10
3260.5157659059414	20	Fréquence	http://fr.wikipedia.org/wiki/Fr%c3%a9quence	False	0.03870018802170843	12	9
1749.0423026798694	20	Mathématiques	http://fr.wikipedia.org/wiki/Math%c3%a9matiques	False	0.01193463877494345	43	10
13165.951485972113	20	Latin	http://fr.wikipedia.org/wiki/Latin	False	0.009145268958694431	59	10
3750.864867201797	20	Français	http://fr.wikipedia.org/wiki/Fran%c3%a7ais	False	0.00911949690832812	69	10
15588.886527162314	21	Années 1950	http://fr.wikipedia.org/wiki/Ann%c3%a9es_1950	False	0.01564298185838651	17	7
13165.951485972113	21	Latin	http://fr.wikipedia.org/wiki/Latin	False	0.01503355112402507	59	7
9003.921083757365	21	Livre sterling	http://fr.wikipedia.org/wiki/Livre_sterling	False	0.01403965006994723	12	6
5806.632047262421	21	Courbe	http://fr.wikipedia.org/wiki/Courbe	False	0.02397480543786645	5	5
1202.2656003696998	21	Démonstration (logique et mathématique)	http://fr.wikipedia.org/wiki/D%c3%a9monstration_(logique_et_math%c3%a9matique)	False	0.01753099447352064	5	5
3260.5157659059414	21	Fréquence	http://fr.wikipedia.org/wiki/Fr%c3%a9quence	False	0.04460059703515346	12	7
3600.381893327967	21	Mot	http://fr.wikipedia.org/wiki/Mot	False	0.01494543440576253	24	4
5282.90771488068	21	Mille marin	http://fr.wikipedia.org/wiki/Mille_marin	False	0.01465382965570761	2	5
35765.082335023304	22	Corneille (oiseau)	http://fr.wikipedia.org/wiki/Corneille_(oiseau)	False	0.03319923202519563	2	4
3750.864867201797	22	Français	http://fr.wikipedia.org/wiki/Fran%c3%a7ais	False	0.02062439051806311	69	7
3600.381893327967	22	Mot	http://fr.wikipedia.org/wiki/Mot	False	0.01730766075867021	24	7
2933.6602741221295	22	Loi	http://fr.wikipedia.org/wiki/Loi	False	0.01726906811724025	17	6
2490.256939418592	22	Comportement	http://fr.wikipedia.org/wiki/Comportement	False	0.01563818948441404	15	7
959.6694261603428	22	Logiciel	http://fr.wikipedia.org/wiki/Logiciel	False	0.02633092955806905	27	6
13165.951485972113	22	Latin	http://fr.wikipedia.org/wiki/Latin	False	0.01642138970931004	59	7
2091.1474822554396	22	Lexique	http://fr.wikipedia.org/wiki/Lexique	False	0.01583065515982428	20	6
9894.588913432242	24	Années 1960	http://fr.wikipedia.org/wiki/Ann%c3%a9es_1960	False	0.03753701639542641	21	3
4626.1820121537	24	Platon	http://fr.wikipedia.org/wiki/Platon	False	0.02354494496433216	27	3
2668.1973599977327	24	Humanité	http://fr.wikipedia.org/wiki/Humanit%c3%a9	False	0.02741655711083019	28	3
3945.329351195095	24	Psychothérapie	http://fr.wikipedia.org/wiki/Psychoth%c3%a9rapie	False	0.07835576307819797	10	3
5504.0557097673645	25	Femme	http://fr.wikipedia.org/wiki/Femme	False	0.02389012061100141	19	4
3945.329351195095	25	Psychothérapie	http://fr.wikipedia.org/wiki/Psychoth%c3%a9rapie	False	0.07987007298557769	10	4
1741.7338054073673	25	Dialogue	http://fr.wikipedia.org/wiki/Dialogue	False	0.02533543939160274	6	4
4181.429591708855	25	Écriture	http://fr.wikipedia.org/wiki/%c3%89criture	False	0.02376481566568007	34	4
959.6694261603428	25	Logiciel	http://fr.wikipedia.org/wiki/Logiciel	False	0.04196804860733311	27	4
3172.5861296644102	26	Enfant	http://fr.wikipedia.org/wiki/Enfant	False	0.09844287380401301	14	0
2622.6767982907654	27	Vie	http://fr.wikipedia.org/wiki/Vie	False	0.01621963585048117	10	6
5569.594563812193	27	Sexualité	http://fr.wikipedia.org/wiki/Sexualit%c3%a9	False	0.03211444876525284	11	6
3050.0411408475434	27	Machine	http://fr.wikipedia.org/wiki/Machine	False	0.01533298824281418	12	6
5819.642719136774	27	Ennui	http://fr.wikipedia.org/wiki/Ennui	False	0.01857616848966253	5	5
2668.1973599977327	27	Humanité	http://fr.wikipedia.org/wiki/Humanit%c3%a9	False	0.01554437684377129	28	6
3076.8201701787602	27	Homo sapiens	http://fr.wikipedia.org/wiki/Homo_sapiens	False	0.01406464129342186	33	6
1741.7338054073673	27	Dialogue	http://fr.wikipedia.org/wiki/Dialogue	False	0.02016657881642699	6	5
3945.329351195095	28	Psychothérapie	http://fr.wikipedia.org/wiki/Psychoth%c3%a9rapie	False	0.08242751462887875	10	2
4626.1820121537	28	Platon	http://fr.wikipedia.org/wiki/Platon	False	0.02214765913883915	27	2
2099.5072479339306	28	Individu	http://fr.wikipedia.org/wiki/Individu	False	0.01975880482746969	18	2
5504.0557097673645	29	Femme	http://fr.wikipedia.org/wiki/Femme	False	0.01418715514967158	19	3
959.6694261603428	29	Logiciel	http://fr.wikipedia.org/wiki/Logiciel	False	0.03293449290111376	27	3
1971.741716847829	29	Psychologie	http://fr.wikipedia.org/wiki/Psychologie	False	0.01370379129836173	30	3
2500.842608124298	29	Sémantique	http://fr.wikipedia.org/wiki/S%c3%a9mantique	False	0.05039839882404443	30	3
2500.842608124298	30	Sémantique	http://fr.wikipedia.org/wiki/S%c3%a9mantique	False	0.01159798801264028	30	8
2012.793467809886	30	Informaticien	http://fr.wikipedia.org/wiki/Informaticien	False	0.01312475927665024	8	8
959.6694261603428	30	Logiciel	http://fr.wikipedia.org/wiki/Logiciel	False	0.0151393757362308	27	8
3945.329351195095	30	Psychothérapie	http://fr.wikipedia.org/wiki/Psychoth%c3%a9rapie	False	0.01346553636033757	10	8
3513.009514835446	30	Linguistique	http://fr.wikipedia.org/wiki/Linguistique	False	0.01347724518499734	56	8
2852.4180466820912	30	Histoire	http://fr.wikipedia.org/wiki/Histoire	False	0.00948860726361109	21	8
1429.8379614451924	30	Informatique	http://fr.wikipedia.org/wiki/Informatique	False	0.01962958366389244	89	8
10310.08865860462	30	Psychanalyste	http://fr.wikipedia.org/wiki/Psychanalyste	False	0.01208888175723129	3	7
1148.893570829669	30	Traitement automatique du langage naturel	http://fr.wikipedia.org/wiki/Traitement_automatique_du_langage_naturel	False	0.04043744148845661	15	7
581.7558018062493	31	Base de données	http://fr.wikipedia.org/wiki/Base_de_donn%c3%a9es	False	0.05681427736358907	19	4
2078.0125723956976	31	Recherche scientifique	http://fr.wikipedia.org/wiki/Recherche_scientifique	False	0.01864214206070161	10	3
959.6694261603428	31	Logiciel	http://fr.wikipedia.org/wiki/Logiciel	False	0.01775680159898466	27	3
2924.3385408233694	31	Algorithme de recherche de sous-chaîne	http://fr.wikipedia.org/wiki/Algorithme_de_recherche_de_sous-cha%c3%aene	False	0.02852199967279578	2	2
2763.9833593215126	31	Intelligence artificielle	http://fr.wikipedia.org/wiki/Intelligence_artificielle	False	0.01737461696457489	33	4
2742.100331474648	32	Expression régulière	http://fr.wikipedia.org/wiki/Expression_r%c3%a9guli%c3%a8re	False	0.07143448280084554	17	1
1429.8379614451924	32	Informatique	http://fr.wikipedia.org/wiki/Informatique	False	0.04015152557431902	89	1
845.4270579643594	33	Langage de programmation	http://fr.wikipedia.org/wiki/Langage_de_programmation	False	0.04772726171029029	33	2
3946.33805505325	33	Langage formel	http://fr.wikipedia.org/wiki/Langage_formel	False	0.04005014818218324	14	2
1529.9814251426324	33	Chaîne de caractères	http://fr.wikipedia.org/wiki/Cha%c3%aene_de_caract%c3%a8res	False	0.05450365918438763	16	2
2742.100331474648	34	Expression régulière	http://fr.wikipedia.org/wiki/Expression_r%c3%a9guli%c3%a8re	False	0.02891910502444712	17	6
1840.7938526019802	34	Syntaxe	http://fr.wikipedia.org/wiki/Syntaxe	False	0.03000373541861319	24	6
5009.676139276167	34	Java (langage)	http://fr.wikipedia.org/wiki/Java_(langage)	False	0.01549967565746523	24	6
2241.4951676240325	34	JavaScript	http://fr.wikipedia.org/wiki/JavaScript	False	0.01645932483494247	12	6
889.1255832507665	34	Programmation informatique	http://fr.wikipedia.org/wiki/Programmation_informatique	False	0.0139337582794003	16	6
3970.8008142885433	34	Perl (langage)	http://fr.wikipedia.org/wiki/Perl_(langage)	False	0.03132902964593459	21	6
845.4270579643594	34	Langage de programmation	http://fr.wikipedia.org/wiki/Langage_de_programmation	False	0.02746498621106559	33	6
3170.4012121739656	35	Ensemble	http://fr.wikipedia.org/wiki/Ensemble	False	0.01391164195385313	12	5
3062.0371355225016	35	Chiffre	http://fr.wikipedia.org/wiki/Chiffre	False	0.02365824468389608	27	6
59739.842746907125	35	Lettre (alphabet)	http://fr.wikipedia.org/wiki/Lettre_(alphabet)	False	0.03472483907041646	21	6
9289.852281364694	35	Intervalle (musique)	http://fr.wikipedia.org/wiki/Intervalle_(musique)	False	0.01320383396408492	2	2
5491.407618028198	35	Capitale et majuscule	http://fr.wikipedia.org/wiki/Capitale_et_majuscule	False	0.02861038790635047	19	5
9009.201373459378	35	Tiret	http://fr.wikipedia.org/wiki/Tiret	False	0.0205132722707333	6	5
4538.332680955265	35	Code (information)	http://fr.wikipedia.org/wiki/Code_(information)	False	0.01537396369045805	19	5
2742.100331474648	36	Expression régulière	http://fr.wikipedia.org/wiki/Expression_r%c3%a9guli%c3%a8re	False	0.0386845688536507	17	8
972.6751711830251	36	Mot de passe	http://fr.wikipedia.org/wiki/Mot_de_passe	False	0.01707402401076361	1	7
6210.640305306999	36	Symbole	http://fr.wikipedia.org/wiki/Symbole	False	0.01830826111481019	21	8
3170.4012121739656	36	Ensemble	http://fr.wikipedia.org/wiki/Ensemble	False	0.01162963314351147	12	6
2001.2679249021796	36	Métacaractère	http://fr.wikipedia.org/wiki/M%c3%a9tacaract%c3%a8re	False	0.03306613528405333	4	6
3750.864867201797	36	Français	http://fr.wikipedia.org/wiki/Fran%c3%a7ais	False	0.01186666308532631	69	8
3062.0371355225016	36	Chiffre	http://fr.wikipedia.org/wiki/Chiffre	False	0.01371303334388025	27	8
9402.725043234666	36	Alphabet	http://fr.wikipedia.org/wiki/Alphabet	False	0.01576395421000133	17	7
5491.407618028198	36	Capitale et majuscule	http://fr.wikipedia.org/wiki/Capitale_et_majuscule	False	0.01734098461927801	19	8
2605.1003337435172	37	Théorie des ensembles	http://fr.wikipedia.org/wiki/Th%c3%a9orie_des_ensembles	False	0.008943827564589465	6	9
3356.2141435799977	37	Point d'interrogation	http://fr.wikipedia.org/wiki/Point_d%27interrogation	False	0.02399081057418328	16	11
1613.1833439930479	37	Langage humain	http://fr.wikipedia.org/wiki/Langage_humain	False	0.009078769287617293	34	14
27630.980166960195	37	Pi	http://fr.wikipedia.org/wiki/Pi	False	0.01426180450823524	17	13
59739.842746907125	37	Lettre (alphabet)	http://fr.wikipedia.org/wiki/Lettre_(alphabet)	False	0.01252964744181408	21	13
2742.100331474648	37	Expression régulière	http://fr.wikipedia.org/wiki/Expression_r%c3%a9guli%c3%a8re	False	0.024153367191709	17	13
3260.818998146459	37	Point (signe)	http://fr.wikipedia.org/wiki/Point_(signe)	False	0.008361306859914847	15	11
2356.761453510393	37	Définition	http://fr.wikipedia.org/wiki/D%c3%a9finition	False	0.00953263272586633	8	12
50874.41049521913	37	Complémentaire (théorie des ensembles)	http://fr.wikipedia.org/wiki/Compl%c3%a9mentaire_(th%c3%a9orie_des_ensembles)	False	0.008455022719701343	6	8
4084.729651421644	37	Pronom personnel	http://fr.wikipedia.org/wiki/Pronom_personnel	False	0.00785934667152189	4	8
8603.133506541251	37	Quantificateur (logique)	http://fr.wikipedia.org/wiki/Quantificateur_(logique)	False	0.02365243515905126	2	11
9384.513287006965	37	Genre grammatical	http://fr.wikipedia.org/wiki/Genre_grammatical	False	0.01060897948792687	25	11
3170.4012121739656	37	Ensemble	http://fr.wikipedia.org/wiki/Ensemble	False	0.01235476068459425	12	13
9402.725043234666	37	Alphabet	http://fr.wikipedia.org/wiki/Alphabet	False	0.01532237303837051	17	13
29650.99166343122	37	I (lettre)	http://fr.wikipedia.org/wiki/I_(lettre)	False	0.008305847816046331	5	12
59739.842746907125	38	Lettre (alphabet)	http://fr.wikipedia.org/wiki/Lettre_(alphabet)	False	0.1111250250851427	21	0
9402.725043234666	39	Alphabet	http://fr.wikipedia.org/wiki/Alphabet	False	0.00806569132400749	17	10
3600.381893327967	39	Mot	http://fr.wikipedia.org/wiki/Mot	False	0.0102338021111588	24	12
719.2090701993168	39	Code source	http://fr.wikipedia.org/wiki/Code_source	False	0.007990977534162155	20	11
2001.2679249021796	39	Métacaractère	http://fr.wikipedia.org/wiki/M%c3%a9tacaract%c3%a8re	False	0.04099790544843029	4	11
31369.47452826092	39	Négation logique	http://fr.wikipedia.org/wiki/N%c3%a9gation_logique	False	0.007560718949053589	5	8
1529.9814251426324	39	Chaîne de caractères	http://fr.wikipedia.org/wiki/Cha%c3%aene_de_caract%c3%a8res	False	0.01100126359332766	16	12
3425.612467133814	39	Hypertext Markup Language	http://fr.wikipedia.org/wiki/Hypertext_Markup_Language	False	0.00874606699814038	20	12
5491.407618028198	39	Capitale et majuscule	http://fr.wikipedia.org/wiki/Capitale_et_majuscule	False	0.008280838217315175	19	12
2742.100331474648	39	Expression régulière	http://fr.wikipedia.org/wiki/Expression_r%c3%a9guli%c3%a8re	False	0.02583531584925124	17	10
5061.37297308729	39	Éditeur de texte	http://fr.wikipedia.org/wiki/%c3%89diteur_de_texte	False	0.007774828998113361	13	11
3260.818998146459	39	Point (signe)	http://fr.wikipedia.org/wiki/Point_(signe)	False	0.007651643044127081	15	12
6210.640305306999	39	Symbole	http://fr.wikipedia.org/wiki/Symbole	False	0.009024372645542128	21	12
15049.728289011067	39	Espagnol	http://fr.wikipedia.org/wiki/Espagnol	False	0.009072943649182505	29	11
2742.100331474648	40	Expression régulière	http://fr.wikipedia.org/wiki/Expression_r%c3%a9guli%c3%a8re	False	0.05827823232548984	17	6
3600.381893327967	40	Mot	http://fr.wikipedia.org/wiki/Mot	False	0.0133624451212533	24	6
1136.715114063928	40	Séparateur de mots	http://fr.wikipedia.org/wiki/S%c3%a9parateur_de_mots	False	0.01034479707081895	9	5
3170.4012121739656	40	Ensemble	http://fr.wikipedia.org/wiki/Ensemble	False	0.01035234195654833	12	5
9009.201373459378	40	Tiret	http://fr.wikipedia.org/wiki/Tiret	False	0.0100120284089671	6	6
5491.407618028198	40	Capitale et majuscule	http://fr.wikipedia.org/wiki/Capitale_et_majuscule	False	0.01094073031002681	19	6
6210.640305306999	40	Symbole	http://fr.wikipedia.org/wiki/Symbole	False	0.01185971462644579	21	6
27630.980166960195	41	Pi	http://fr.wikipedia.org/wiki/Pi	False	0.02479714208664955	17	5
1840.2291536216705	41	Faux positif	http://fr.wikipedia.org/wiki/Faux_positif	False	0.02466342677457617	7	2
2412.6927966173816	41	Type (informatique)	http://fr.wikipedia.org/wiki/Type_(informatique)	False	0.01892751699345111	9	3
2742.100331474648	41	Expression régulière	http://fr.wikipedia.org/wiki/Expression_r%c3%a9guli%c3%a8re	False	0.05171511649873036	17	3
4406.735413407623	41	Système de gestion d'exceptions	http://fr.wikipedia.org/wiki/Syst%c3%a8me_de_gestion_d%27exceptions	False	0.02423281286195026	4	3
3301.8243277711463	41	Faux négatif	http://fr.wikipedia.org/wiki/Faux_n%c3%a9gatif	False	0.02376495953094205	5	2
1840.2291536216705	42	Faux positif	http://fr.wikipedia.org/wiki/Faux_positif	False	0.04454703689025939	7	4
959.6694261603428	42	Logiciel	http://fr.wikipedia.org/wiki/Logiciel	False	0.01721805218383748	27	4
1887.562566443734	42	Moteur de recherche	http://fr.wikipedia.org/wiki/Moteur_de_recherche	False	0.01860290157900677	16	4
3301.8243277711463	42	Faux négatif	http://fr.wikipedia.org/wiki/Faux_n%c3%a9gatif	False	0.04332221674175916	5	4
2395.2087029547397	42	Précision et rappel	http://fr.wikipedia.org/wiki/Pr%c3%a9cision_et_rappel	False	0.01190390701879433	6	4
5974.465563360202	43	Espace (typographie)	http://fr.wikipedia.org/wiki/Espace_(typographie)	False	0.01022331440160543	15	5
14709.533610062359	43	Genre (biologie)	http://fr.wikipedia.org/wiki/Genre_(biologie)	False	0.01110982347491673	8	4
5491.407618028198	43	Capitale et majuscule	http://fr.wikipedia.org/wiki/Capitale_et_majuscule	False	0.009500359572196021	19	6
1529.9814251426324	43	Chaîne de caractères	http://fr.wikipedia.org/wiki/Cha%c3%aene_de_caract%c3%a8res	False	0.04203148798141995	16	6
2742.100331474648	43	Expression régulière	http://fr.wikipedia.org/wiki/Expression_r%c3%a9guli%c3%a8re	False	0.0360128385931209	17	6
59739.842746907125	43	Lettre (alphabet)	http://fr.wikipedia.org/wiki/Lettre_(alphabet)	False	0.008719396458600322	21	6
781.9365456701029	43	Variable (informatique)	http://fr.wikipedia.org/wiki/Variable_(informatique)	False	0.01024648020420817	7	5
39388.12259755228	44	Variété algébrique	http://fr.wikipedia.org/wiki/Vari%c3%a9t%c3%a9_alg%c3%a9brique	False	0.1868175394403274	4	1
2742.100331474648	44	Expression régulière	http://fr.wikipedia.org/wiki/Expression_r%c3%a9guli%c3%a8re	False	0.2514748297316524	17	1
1613.1833439930479	45	Langage humain	http://fr.wikipedia.org/wiki/Langage_humain	False	0.01124827934757375	34	9
10249.958858840992	45	Pronom	http://fr.wikipedia.org/wiki/Pronom	False	0.01598935564880375	10	4
4769.546436762633	45	Probabilité	http://fr.wikipedia.org/wiki/Probabilit%c3%a9	False	0.01309527873219535	6	7
2562.957727177837	45	Ordinateur	http://fr.wikipedia.org/wiki/Ordinateur	False	0.01332417879051131	33	9
2742.100331474648	45	Expression régulière	http://fr.wikipedia.org/wiki/Expression_r%c3%a9guli%c3%a8re	False	0.05499981297863415	17	7
27630.980166960195	45	Pi	http://fr.wikipedia.org/wiki/Pi	False	0.01312760541028031	17	8
5061.37297308729	45	Éditeur de texte	http://fr.wikipedia.org/wiki/%c3%89diteur_de_texte	False	0.01115078707773843	13	7
9989.710500762509	45	Grec ancien	http://fr.wikipedia.org/wiki/Grec_ancien	False	0.01093968942783937	36	9
1930.1720167448777	45	Mémoire (informatique)	http://fr.wikipedia.org/wiki/M%c3%a9moire_(informatique)	False	0.01015404616250657	10	8
781.9365456701029	45	Variable (informatique)	http://fr.wikipedia.org/wiki/Variable_(informatique)	False	0.0129895665173233	7	8
2742.100331474648	46	Expression régulière	http://fr.wikipedia.org/wiki/Expression_r%c3%a9guli%c3%a8re	False	0.1695150782276376	17	1
8928.575904852773	46	Convergence simple	http://fr.wikipedia.org/wiki/Convergence_simple	False	0.1143637475651332	3	1
2012.793467809886	47	Informaticien	http://fr.wikipedia.org/wiki/Informaticien	False	0.02044319756934181	8	3
1429.8379614451924	47	Informatique	http://fr.wikipedia.org/wiki/Informatique	False	0.04104982927826622	89	3
2742.100331474648	47	Expression régulière	http://fr.wikipedia.org/wiki/Expression_r%c3%a9guli%c3%a8re	False	0.04871591353207778	17	3
3124.1210826480674	47	Automate fini	http://fr.wikipedia.org/wiki/Automate_fini	False	0.04671886068722842	14	3
3552.26875529809	48	Automate	http://fr.wikipedia.org/wiki/Automate	False	0.0142760790189486	9	6
2742.100331474648	48	Expression régulière	http://fr.wikipedia.org/wiki/Expression_r%c3%a9guli%c3%a8re	False	0.04304150465407581	17	5
1613.1833439930479	48	Langage humain	http://fr.wikipedia.org/wiki/Langage_humain	False	0.01185270349011591	34	6
2131.9452214617118	48	Langage	http://fr.wikipedia.org/wiki/Langage	False	0.01537683576701929	23	6
2562.957727177837	48	Ordinateur	http://fr.wikipedia.org/wiki/Ordinateur	False	0.01302230755458711	33	6
3757.2346681928634	48	Mouton	http://fr.wikipedia.org/wiki/Mouton	False	0.02735131906201286	13	5
3411.0468061209667	48	État	http://fr.wikipedia.org/wiki/%c3%89tat	False	0.01127981448653792	27	6
3050.0411408475434	49	Machine	http://fr.wikipedia.org/wiki/Machine	False	0.1196170191206008	12	0
3552.26875529809	50	Automate	http://fr.wikipedia.org/wiki/Automate	False	0.02264128459874496	9	4
10332.393964390489	50	Sigma	http://fr.wikipedia.org/wiki/Sigma	False	0.04273879931391093	6	4
59739.842746907125	50	Lettre (alphabet)	http://fr.wikipedia.org/wiki/Lettre_(alphabet)	False	0.01624658170927236	21	4
2513.1101018425898	50	Fonction (mathématiques)	http://fr.wikipedia.org/wiki/Fonction_(math%c3%a9matiques)	False	0.01402896481728975	7	4
9402.725043234666	50	Alphabet	http://fr.wikipedia.org/wiki/Alphabet	False	0.02998090053410168	17	4
3757.2346681928634	51	Mouton	http://fr.wikipedia.org/wiki/Mouton	False	0.03381102239359519	13	9
6441.768293827678	51	Mets (cuisine)	http://fr.wikipedia.org/wiki/Mets_(cuisine)	False	0.01579346442790565	2	7
4073.1958892674006	51	Téléphone	http://fr.wikipedia.org/wiki/T%c3%a9l%c3%a9phone	False	0.0119248205274771	10	9
16435.775870504283	51	Lys	http://fr.wikipedia.org/wiki/Lys	False	0.01271392828881543	4	7
4289.26987094543	51	Néolithique	http://fr.wikipedia.org/wiki/N%c3%a9olithique	False	0.01257985792202254	14	9
3552.26875529809	51	Automate	http://fr.wikipedia.org/wiki/Automate	False	0.01253077333945236	9	6
2930.9474772243298	51	Littérature	http://fr.wikipedia.org/wiki/Litt%c3%a9rature	False	0.01270114464443062	17	9
8136.935592638996	51	Quintal (unité)	http://fr.wikipedia.org/wiki/Quintal_(unit%c3%a9)	False	0.0178646649997948	2	4
3411.0468061209667	51	État	http://fr.wikipedia.org/wiki/%c3%89tat	False	0.01432624491239286	27	8
2131.9452214617118	51	Langage	http://fr.wikipedia.org/wiki/Langage	False	0.01294827460139425	23	8
765.4522341828175	52	Curseur (interface)	http://fr.wikipedia.org/wiki/Curseur_(interface)	False	0.11071192849424	6	0
4319.103013328836	53	Espèce	http://fr.wikipedia.org/wiki/Esp%c3%a8ce	False	0.1271464110700931	15	0
4519.979051640108	54	Excitation (physique)	http://fr.wikipedia.org/wiki/Excitation_(physique)	False	0.04844621393740097	1	1
4289.26987094543	54	Néolithique	http://fr.wikipedia.org/wiki/N%c3%a9olithique	False	0.03216977221684011	14	2
3411.0468061209667	54	État	http://fr.wikipedia.org/wiki/%c3%89tat	False	0.06964791290262644	27	1
27630.980166960195	55	Pi	http://fr.wikipedia.org/wiki/Pi	False	0.01160167831089899	17	10
2728.2693354427684	55	Dimension	http://fr.wikipedia.org/wiki/Dimension	False	0.008777493304918033	7	11
3552.26875529809	55	Automate	http://fr.wikipedia.org/wiki/Automate	False	0.009979824910067858	9	11
3757.2346681928634	55	Mouton	http://fr.wikipedia.org/wiki/Mouton	False	0.01134939159781143	13	8
1529.9814251426324	55	Chaîne de caractères	http://fr.wikipedia.org/wiki/Cha%c3%aene_de_caract%c3%a8res	False	0.03945157136696913	16	10
2131.9452214617118	55	Langage	http://fr.wikipedia.org/wiki/Langage	False	0.009750439604267455	23	11
1037.21511407591	55	Tableau (structure de données)	http://fr.wikipedia.org/wiki/Tableau_(structure_de_donn%c3%a9es)	False	0.008579388590545182	7	8
9402.725043234666	55	Alphabet	http://fr.wikipedia.org/wiki/Alphabet	False	0.00878003081938178	17	11
2513.1101018425898	55	Fonction (mathématiques)	http://fr.wikipedia.org/wiki/Fonction_(math%c3%a9matiques)	False	0.009599541838737074	7	10
3411.0468061209667	55	État	http://fr.wikipedia.org/wiki/%c3%89tat	False	0.008034093553336829	27	10
4040.43048862019	55	Électricité	http://fr.wikipedia.org/wiki/%c3%89lectricit%c3%a9	False	0.008449869131996109	24	11
1682.8979994771914	55	Algorithmique	http://fr.wikipedia.org/wiki/Algorithmique	False	0.009882432478780297	15	11
