2222.2529012306945	1	Informaticien	http://fr.wikipedia.org/wiki/Informaticien	False	0.05866360878903217	8	3
11456.190906537671	1	Biologie	http://fr.wikipedia.org/wiki/Biologie	False	0.02416449542121015	20	3
2820.5520872625175	1	Sciences humaines et sociales	http://fr.wikipedia.org/wiki/Sciences_humaines_et_sociales	False	0.02075981236400975	22	3
1940.1681580125664	1	Informatique	http://fr.wikipedia.org/wiki/Informatique	False	0.02274199040100888	62	3
2844.86413047595	2	Logotype	http://fr.wikipedia.org/wiki/Logotype	False	0.04936190033614183	9	4
3455.4999973669746	2	Transparence	http://fr.wikipedia.org/wiki/Transparence	False	0.01927957930235511	7	3
3763.022767434391	2	Dessin	http://fr.wikipedia.org/wiki/Dessin	False	0.03915804133121462	7	3
4439.038353245863	2	Vidéo	http://fr.wikipedia.org/wiki/Vid%c3%a9o	False	0.02970034909169729	7	4
4245.939933136295	2	Temps	http://fr.wikipedia.org/wiki/Temps	False	0.02642513340082066	11	4
3731.504480867247	3	Ordinateur	http://fr.wikipedia.org/wiki/Ordinateur	False	0.0441258786144318	30	5
1940.1681580125664	3	Informatique	http://fr.wikipedia.org/wiki/Informatique	False	0.01601833063293884	62	5
6756.803447038642	3	Paradoxe	http://fr.wikipedia.org/wiki/Paradoxe	False	0.01445960875984851	11	5
3679.841793965657	3	Ubiquité	http://fr.wikipedia.org/wiki/Ubiquit%c3%a9	False	0.01779597078712782	6	5
5403.638307623854	3	Smartphone	http://fr.wikipedia.org/wiki/Smartphone	False	0.04118751511424274	13	5
4245.939933136295	3	Temps	http://fr.wikipedia.org/wiki/Temps	False	0.01346791913524662	11	5
1250.1463992511717	4	Logiciel	http://fr.wikipedia.org/wiki/Logiciel	False	0.00910435744413895	18	7
3731.504480867247	4	Ordinateur	http://fr.wikipedia.org/wiki/Ordinateur	False	0.01459703911971955	30	7
1323.306614407791	4	Langage de programmation	http://fr.wikipedia.org/wiki/Langage_de_programmation	False	0.02143151996413347	18	7
5403.638307623854	4	Smartphone	http://fr.wikipedia.org/wiki/Smartphone	False	0.0196833859481279	13	7
2111.0165776572467	4	Algorithmique	http://fr.wikipedia.org/wiki/Algorithmique	False	0.01565442807434753	18	7
1539.8923987975577	4	Programmation informatique	http://fr.wikipedia.org/wiki/Programmation_informatique	False	0.00993655042170986	11	7
1940.1681580125664	4	Informatique	http://fr.wikipedia.org/wiki/Informatique	False	0.02996995919958281	62	7
29398.950338752224	4	Pi	http://fr.wikipedia.org/wiki/Pi	False	0.01106924536408745	15	7
1940.1681580125664	5	Informatique	http://fr.wikipedia.org/wiki/Informatique	False	0.03620666708018105	62	3
1250.1463992511717	5	Logiciel	http://fr.wikipedia.org/wiki/Logiciel	False	0.01458603537460593	18	3
2113.9331890225076	5	Algorithme	http://fr.wikipedia.org/wiki/Algorithme	False	0.02759260076647553	15	3
5403.638307623854	5	Smartphone	http://fr.wikipedia.org/wiki/Smartphone	False	0.041371107838577	13	3
1625.9841884623172	6	Modèle mathématique	http://fr.wikipedia.org/wiki/Mod%c3%a8le_math%c3%a9matique	False	0.007304467994122394	6	10
2112.099621131894	6	Moteur de recherche	http://fr.wikipedia.org/wiki/Moteur_de_recherche	False	0.01364944100931374	16	11
1988.5999993959924	6	Information	http://fr.wikipedia.org/wiki/Information	False	0.006816445475865371	30	11
8184.929247393317	6	Technique	http://fr.wikipedia.org/wiki/Technique	False	0.006316588258364766	29	11
1940.1681580125664	6	Informatique	http://fr.wikipedia.org/wiki/Informatique	False	0.01545113467298117	62	11
2704.012164003318	6	Site web	http://fr.wikipedia.org/wiki/Site_web	False	0.01043594307113263	18	11
3584.2427496960668	6	Intelligence artificielle	http://fr.wikipedia.org/wiki/Intelligence_artificielle	False	0.03116013574174216	33	10
2661.6299744834455	6	Connaissance	http://fr.wikipedia.org/wiki/Connaissance	False	0.00646777937580179	20	10
4292.076793880244	6	Cerveau	http://fr.wikipedia.org/wiki/Cerveau	False	0.009550596375576577	13	10
3731.504480867247	6	Ordinateur	http://fr.wikipedia.org/wiki/Ordinateur	False	0.006787321724107656	30	11
1250.1463992511717	6	Logiciel	http://fr.wikipedia.org/wiki/Logiciel	False	0.006735972084904208	18	11
2705.803890973151	6	Agence de voyages	http://fr.wikipedia.org/wiki/Agence_de_voyages	False	0.02004540847269248	3	7
958.7599561405311	7	Réseau social	http://fr.wikipedia.org/wiki/R%c3%a9seau_social	False	0.1145060062327794	15	0
4900.268708158298	8	Euro	http://fr.wikipedia.org/wiki/Euro	False	0.00558966931000252	10	25
5241.589472500597	8	Chemin de fer	http://fr.wikipedia.org/wiki/Chemin_de_fer	False	0.00433820440426952	9	25
3511.8156817015556	8	Salaire	http://fr.wikipedia.org/wiki/Salaire	False	0.004949174461963561	8	25
10152.07688727595	8	Psychanalyse	http://fr.wikipedia.org/wiki/Psychanalyse	False	0.004337069374032027	10	24
5649.822285799087	8	États-Unis	http://fr.wikipedia.org/wiki/%c3%89tats-Unis	False	0.006546315023381256	60	25
4660.972607339311	8	Années 1930	http://fr.wikipedia.org/wiki/Ann%c3%a9es_1930	False	0.005410831348258464	19	25
2661.6299744834455	8	Connaissance	http://fr.wikipedia.org/wiki/Connaissance	False	0.004867677060932837	20	23
3405.2679394042393	8	Média	http://fr.wikipedia.org/wiki/M%c3%a9dia	False	0.006062180820042369	18	25
24059.215814706855	8	2005	http://fr.wikipedia.org/wiki/2005	False	0.004985375312974639	19	25
2926.328655191353	8	Internet	http://fr.wikipedia.org/wiki/Internet	False	0.006888633649802189	32	25
2056.0834105759614	8	Sociologie	http://fr.wikipedia.org/wiki/Sociologie	False	0.005384471963659304	30	24
5690.270257051071	8	Journal	http://fr.wikipedia.org/wiki/Journal	False	0.00494087645187777	9	25
958.7599561405311	8	Réseau social	http://fr.wikipedia.org/wiki/R%c3%a9seau_social	False	0.0245455830002681	15	25
1331.8748504004427	8	Facebook	http://fr.wikipedia.org/wiki/Facebook	False	0.01431507300651059	22	25
5286.5807289987015	8	Adolescence	http://fr.wikipedia.org/wiki/Adolescence	False	0.004576440717796207	7	24
1895.8789603795003	8	Viadeo	http://fr.wikipedia.org/wiki/Viadeo	False	0.00869887638890333	8	20
894.2169436361189	8	LinkedIn	http://fr.wikipedia.org/wiki/LinkedIn	False	0.005215177404770125	10	24
7197.048058467073	8	Dollar américain	http://fr.wikipedia.org/wiki/Dollar_am%c3%a9ricain	False	0.009097561202892407	10	25
3007.1512404550067	8	Histoire	http://fr.wikipedia.org/wiki/Histoire	False	0.005611148952657756	21	24
7155.598304699806	8	Français	http://fr.wikipedia.org/wiki/Fran%c3%a7ais	False	0.005110545621922985	27	25
514.7167579030834	8	Myspace	http://fr.wikipedia.org/wiki/Myspace	False	0.007670126592065571	9	25
2241.7771220708396	8	Propriété	http://fr.wikipedia.org/wiki/Propri%c3%a9t%c3%a9	False	0.004982106483679393	5	23
3559.9754647316013	8	Concurrence	http://fr.wikipedia.org/wiki/Concurrence	False	0.005102385653609642	12	25
833.8629021614182	8	Twitter	http://fr.wikipedia.org/wiki/Twitter	False	0.01114658388359148	16	25
12073.996006391804	8	Rupert Murdoch	http://fr.wikipedia.org/wiki/Rupert_Murdoch	False	0.0168235064417586	4	23
10822.442919768411	8	Torture	http://fr.wikipedia.org/wiki/Torture	False	0.004291634956219843	8	25
7181.022102303924	9	Massive Open Online Course	http://fr.wikipedia.org/wiki/Massive_Open_Online_Course	False	0.01441701936259293	3	10
1331.8748504004427	9	Facebook	http://fr.wikipedia.org/wiki/Facebook	False	0.01256308006328946	22	12
1806.5949044367358	9	Société (sciences sociales)	http://fr.wikipedia.org/wiki/Soci%c3%a9t%c3%a9_(sciences_sociales)	False	0.007249201655706627	11	12
2241.7771220708396	9	Propriété	http://fr.wikipedia.org/wiki/Propri%c3%a9t%c3%a9	False	0.005489645322490433	5	11
2754.224807740945	9	Sociologue	http://fr.wikipedia.org/wiki/Sociologue	False	0.007058118841805	5	12
5501.289968589737	9	État	http://fr.wikipedia.org/wiki/%c3%89tat	False	0.007385283465340709	24	12
2661.6299744834455	9	Connaissance	http://fr.wikipedia.org/wiki/Connaissance	False	0.005760133237362227	20	12
958.7599561405311	9	Réseau social	http://fr.wikipedia.org/wiki/R%c3%a9seau_social	False	0.0373128533822974	15	12
2030.832970197521	9	Individu	http://fr.wikipedia.org/wiki/Individu	False	0.00569242035998789	21	11
5447.74227345439	9	World Wide Web	http://fr.wikipedia.org/wiki/World_Wide_Web	False	0.006054235133787606	28	12
2926.328655191353	9	Internet	http://fr.wikipedia.org/wiki/Internet	False	0.008134836866961596	32	12
2704.012164003318	9	Site web	http://fr.wikipedia.org/wiki/Site_web	False	0.01369103624844569	18	12
1940.1681580125664	9	Informatique	http://fr.wikipedia.org/wiki/Informatique	False	0.00748619908563531	62	12
8184.929247393317	10	Technique	http://fr.wikipedia.org/wiki/Technique	False	0.009064195389352474	29	13
8184.714020701501	10	Idéologie	http://fr.wikipedia.org/wiki/Id%c3%a9ologie	False	0.00807839687982415	17	13
958.7599561405311	10	Réseau social	http://fr.wikipedia.org/wiki/R%c3%a9seau_social	False	0.01658265659260846	15	12
2574.1816433615923	10	Méthode expérimentale	http://fr.wikipedia.org/wiki/M%c3%a9thode_exp%c3%a9rimentale	False	0.01482669290156127	17	13
19083.720489016054	10	Années 1970	http://fr.wikipedia.org/wiki/Ann%c3%a9es_1970	False	0.01319751484410516	21	13
5021.321924366932	10	Chine	http://fr.wikipedia.org/wiki/Chine	False	0.008474537605762136	35	13
29398.950338752224	10	Pi	http://fr.wikipedia.org/wiki/Pi	False	0.0102586354121934	15	12
4660.972607339311	10	Années 1930	http://fr.wikipedia.org/wiki/Ann%c3%a9es_1930	False	0.01384299312996271	19	13
3993.7789385913456	10	Phénomène	http://fr.wikipedia.org/wiki/Ph%c3%a9nom%c3%a8ne	False	0.008666223067223998	7	13
2056.0834105759614	10	Sociologie	http://fr.wikipedia.org/wiki/Sociologie	False	0.01159159189402628	30	13
6089.956794955688	10	Années 1920	http://fr.wikipedia.org/wiki/Ann%c3%a9es_1920	False	0.01296285939794546	11	13
4458.32685824091	10	Hasard	http://fr.wikipedia.org/wiki/Hasard	False	0.007958457457680628	15	13
5649.822285799087	10	États-Unis	http://fr.wikipedia.org/wiki/%c3%89tats-Unis	False	0.03114473308070583	60	13
2922.4525201181323	10	Hypothèse	http://fr.wikipedia.org/wiki/Hypoth%c3%a8se	False	0.0103335959960331	12	13
2413.1559687911586	11	Théorie	http://fr.wikipedia.org/wiki/Th%c3%a9orie	False	0.008719877222602885	14	10
1331.8748504004427	11	Facebook	http://fr.wikipedia.org/wiki/Facebook	False	0.01640974577619171	22	11
2952.3461701180263	11	Droit	http://fr.wikipedia.org/wiki/Droit	False	0.007874438254957735	21	10
2113.336269680372	11	Statistique	http://fr.wikipedia.org/wiki/Statistique	False	0.007795636099055551	18	11
16767.05793794533	11	Genre (biologie)	http://fr.wikipedia.org/wiki/Genre_(biologie)	False	0.01104153370485187	6	8
1988.5999993959924	11	Information	http://fr.wikipedia.org/wiki/Information	False	0.01066466603700715	30	11
29398.950338752224	11	Pi	http://fr.wikipedia.org/wiki/Pi	False	0.01272847692985012	15	10
12308.816308473546	11	Degré Celsius	http://fr.wikipedia.org/wiki/Degr%c3%a9_Celsius	False	0.0082591979073649	5	10
441.87382160601766	11	Six degrés de séparation	http://fr.wikipedia.org/wiki/Six_degr%c3%a9s_de_s%c3%a9paration	False	0.03335650279433899	5	7
2400.2174257940883	11	Expérience	http://fr.wikipedia.org/wiki/Exp%c3%a9rience	False	0.00795306069786569	16	9
2926.328655191353	11	Internet	http://fr.wikipedia.org/wiki/Internet	False	0.01100610286451654	32	11
3240.006231543884	11	Psychologue	http://fr.wikipedia.org/wiki/Psychologue	False	0.01401385978427946	13	10
2328.5533949188975	12	Droit des marques	http://fr.wikipedia.org/wiki/Droit_des_marques	False	0.01569506958819691	10	3
4367.560838749372	12	Publicité	http://fr.wikipedia.org/wiki/Publicit%c3%a9	False	0.03526241113649799	19	3
82.45920481438174	12	Cetera	http://fr.wikipedia.org/wiki/Cetera	True	0.01759768060315981	1	0
2926.328655191353	12	Internet	http://fr.wikipedia.org/wiki/Internet	False	0.04646355744487825	32	3
2871.612565101066	12	Mondialisation	http://fr.wikipedia.org/wiki/Mondialisation	False	0.01616648099288332	30	3
958.7599561405311	13	Réseau social	http://fr.wikipedia.org/wiki/R%c3%a9seau_social	False	0.04255522193991309	15	9
5195.87647864205	13	Pseudonyme	http://fr.wikipedia.org/wiki/Pseudonyme	False	0.01280876787981931	7	10
2862.812776544944	13	Langage	http://fr.wikipedia.org/wiki/Langage	False	0.01602581823577913	21	10
1331.8748504004427	13	Facebook	http://fr.wikipedia.org/wiki/Facebook	False	0.03696116471759667	22	10
8498.75138557688	13	Nazisme	http://fr.wikipedia.org/wiki/Nazisme	False	0.01390958416353308	12	10
9825.115140496446	13	Amour	http://fr.wikipedia.org/wiki/Amour	False	0.01412419367532498	19	10
4367.560838749372	13	Publicité	http://fr.wikipedia.org/wiki/Publicit%c3%a9	False	0.01516339651740495	19	10
2056.0834105759614	13	Sociologie	http://fr.wikipedia.org/wiki/Sociologie	False	0.01810263626107143	30	10
7723.074155888591	13	Amitié	http://fr.wikipedia.org/wiki/Amiti%c3%a9	False	0.01284409344447057	8	10
7794.855277785263	13	Obésité	http://fr.wikipedia.org/wiki/Ob%c3%a9sit%c3%a9	False	0.01349037120909292	13	10
29398.950338752224	13	Pi	http://fr.wikipedia.org/wiki/Pi	False	0.02388227817338077	15	9
2926.328655191353	14	Internet	http://fr.wikipedia.org/wiki/Internet	False	0.01397738979996492	32	10
9040.6797729996	14	Immeuble	http://fr.wikipedia.org/wiki/Immeuble	False	0.01217539721280705	2	8
3731.504480867247	14	Ordinateur	http://fr.wikipedia.org/wiki/Ordinateur	False	0.02913447895907393	30	10
29398.950338752224	14	Pi	http://fr.wikipedia.org/wiki/Pi	False	0.01869078419156487	15	7
2056.0834105759614	14	Sociologie	http://fr.wikipedia.org/wiki/Sociologie	False	0.01090285477502334	30	10
3208.840232279704	14	Raison	http://fr.wikipedia.org/wiki/Raison	False	0.0096549474744126	14	8
2359.8279157530264	14	Commerce	http://fr.wikipedia.org/wiki/Commerce	False	0.01047669420861018	10	10
958.7599561405311	14	Réseau social	http://fr.wikipedia.org/wiki/R%c3%a9seau_social	False	0.03230974451706174	15	9
23074.83157603361	14	Le Point	http://fr.wikipedia.org/wiki/Le_Point	False	0.00968757225508094	5	10
6510.489216475309	14	Train	http://fr.wikipedia.org/wiki/Train	False	0.01166927328874697	6	9
3980.418559932138	14	Urbanisation	http://fr.wikipedia.org/wiki/Urbanisation	False	0.00997620082326383	8	9
3230.6355569271436	15	État	http://fr.wikipedia.org/wiki/%c3%89tat	False	0.003812296585802539	24	37
1331.8748504004427	15	Facebook	http://fr.wikipedia.org/wiki/Facebook	False	0.01726026433871676	22	37
29398.950338752224	15	Pi	http://fr.wikipedia.org/wiki/Pi	False	0.003446173049225819	15	35
3104.1790512776474	15	Service (économie)	http://fr.wikipedia.org/wiki/Service_(%c3%a9conomie)	False	0.002886618124049352	8	35
4158.892806440255	15	Automobile	http://fr.wikipedia.org/wiki/Automobile	False	0.004154456208443168	18	37
2353.6935750027897	15	Entreprise	http://fr.wikipedia.org/wiki/Entreprise	False	0.004567064278722018	23	37
8184.929247393317	15	Technique	http://fr.wikipedia.org/wiki/Technique	False	0.003674309601421675	29	37
2754.224807740945	15	Sociologue	http://fr.wikipedia.org/wiki/Sociologue	False	0.003850797139211566	5	36
1988.5999993959924	15	Information	http://fr.wikipedia.org/wiki/Information	False	0.003849694419452586	30	37
2113.336269680372	15	Statistique	http://fr.wikipedia.org/wiki/Statistique	False	0.003043594199801929	18	37
4011.7802435522894	15	Idéologie	http://fr.wikipedia.org/wiki/Id%c3%a9ologie	False	0.00325365821746967	17	37
8048.464209151156	15	Enjeu	http://fr.wikipedia.org/wiki/Enjeu	False	0.002934664906425526	5	36
5649.822285799087	15	États-Unis	http://fr.wikipedia.org/wiki/%c3%89tats-Unis	False	0.005296655378229079	60	37
4900.268708158298	15	Euro	http://fr.wikipedia.org/wiki/Euro	False	0.003007774863566454	10	36
7441.352894706067	15	Néologisme	http://fr.wikipedia.org/wiki/N%c3%a9ologisme	False	0.003085338150021347	11	36
2030.832970197521	15	Individu	http://fr.wikipedia.org/wiki/Individu	False	0.003254637005007944	21	36
2241.7771220708396	15	Propriété	http://fr.wikipedia.org/wiki/Propri%c3%a9t%c3%a9	False	0.002934993442244511	5	37
10104.81033033728	15	Startup	http://fr.wikipedia.org/wiki/Startup	False	0.00530064092422459	10	33
1806.5949044367358	15	Société (sciences sociales)	http://fr.wikipedia.org/wiki/Soci%c3%a9t%c3%a9_(sciences_sociales)	False	0.00349142757691304	11	37
3993.7789385913456	15	Phénomène	http://fr.wikipedia.org/wiki/Ph%c3%a9nom%c3%a8ne	False	0.002850743221910946	7	32
2726.8623322150565	15	Sécurité	http://fr.wikipedia.org/wiki/S%c3%a9curit%c3%a9	False	0.003103733583560791	12	36
3341.651089805451	15	Google	http://fr.wikipedia.org/wiki/Google	False	0.003405242204294465	21	36
4725.601148505075	15	Économie (activité humaine)	http://fr.wikipedia.org/wiki/%c3%89conomie_(activit%c3%a9_humaine)	False	0.003963749791074234	13	37
7197.048058467073	15	Dollar américain	http://fr.wikipedia.org/wiki/Dollar_am%c3%a9ricain	False	0.00648672802028472	10	36
2926.328655191353	15	Internet	http://fr.wikipedia.org/wiki/Internet	False	0.006361534966200162	32	37
1310.1952326530059	15	Exploration de données	http://fr.wikipedia.org/wiki/Exploration_de_donn%c3%a9es	False	0.01045988501911509	17	37
2661.6299744834455	15	Connaissance	http://fr.wikipedia.org/wiki/Connaissance	False	0.003502613557434755	20	37
3208.840232279704	15	Raison	http://fr.wikipedia.org/wiki/Raison	False	0.002823709091868251	14	35
1940.1681580125664	15	Informatique	http://fr.wikipedia.org/wiki/Informatique	False	0.004669834978525831	62	37
3229.245510267762	15	Technologie	http://fr.wikipedia.org/wiki/Technologie	False	0.004345437065423961	14	37
5740.784103184123	15	Parti démocrate (États-Unis)	http://fr.wikipedia.org/wiki/Parti_d%c3%a9mocrate_(%c3%89tats-Unis)	False	0.00487606708588772	8	35
9421.3297376342	15	Humanisme	http://fr.wikipedia.org/wiki/Humanisme	False	0.002827373581759717	40	37
16767.05793794533	15	Genre (biologie)	http://fr.wikipedia.org/wiki/Genre_(biologie)	False	0.004586245524660353	6	33
3128.991396032591	15	Loi	http://fr.wikipedia.org/wiki/Loi	False	0.00351042943493777	15	37
3731.504480867247	15	Ordinateur	http://fr.wikipedia.org/wiki/Ordinateur	False	0.003777044483548909	30	37
1250.1463992511717	15	Logiciel	http://fr.wikipedia.org/wiki/Logiciel	False	0.004928783435316131	18	37
4245.939933136295	15	Temps	http://fr.wikipedia.org/wiki/Temps	False	0.003118017736913863	11	36
2056.0834105759614	15	Sociologie	http://fr.wikipedia.org/wiki/Sociologie	False	0.004031386112076145	30	37
1841.2971420952326	16	Mathématiques	http://fr.wikipedia.org/wiki/Math%c3%a9matiques	False	0.02383863611043276	62	7
2523.57466182681	16	Théorie des graphes	http://fr.wikipedia.org/wiki/Th%c3%a9orie_des_graphes	False	0.0239721789422789	19	6
3778.82316068545	16	Culture générale	http://fr.wikipedia.org/wiki/Culture_g%c3%a9n%c3%a9rale	False	0.01532254824088572	11	6
1940.1681580125664	16	Informatique	http://fr.wikipedia.org/wiki/Informatique	False	0.01469302206935404	62	7
2030.832970197521	16	Individu	http://fr.wikipedia.org/wiki/Individu	False	0.01445153509696011	21	7
3661.1630771988107	16	Culture	http://fr.wikipedia.org/wiki/Culture	False	0.01493366966675121	40	7
2056.0834105759614	16	Sociologie	http://fr.wikipedia.org/wiki/Sociologie	False	0.01325987255612271	30	7
958.7599561405311	16	Réseau social	http://fr.wikipedia.org/wiki/R%c3%a9seau_social	False	0.03110793762213707	15	7
6443.153072540109	17	Post-it	http://fr.wikipedia.org/wiki/Post-it	False	0.03992597597963703	3	2
2056.0834105759614	17	Sociologie	http://fr.wikipedia.org/wiki/Sociologie	False	0.02367125909124609	30	3
958.7599561405311	17	Réseau social	http://fr.wikipedia.org/wiki/R%c3%a9seau_social	False	0.05803486587778273	15	2
2590.7309631035564	17	Image numérique	http://fr.wikipedia.org/wiki/Image_num%c3%a9rique	False	0.02350513707069066	14	3
2523.57466182681	18	Théorie des graphes	http://fr.wikipedia.org/wiki/Th%c3%a9orie_des_graphes	False	0.01358576583412896	19	5
4867.806142551201	18	Espèce	http://fr.wikipedia.org/wiki/Esp%c3%a8ce	False	0.02317941736108949	13	5
1250.1463992511717	18	Logiciel	http://fr.wikipedia.org/wiki/Logiciel	False	0.02051742596473577	18	5
2030.832970197521	18	Individu	http://fr.wikipedia.org/wiki/Individu	False	0.01502949710035305	21	5
16767.05793794533	18	Genre (biologie)	http://fr.wikipedia.org/wiki/Genre_(biologie)	False	0.03155449479780912	6	5
958.7599561405311	18	Réseau social	http://fr.wikipedia.org/wiki/R%c3%a9seau_social	False	0.03118925778362003	15	5
2523.57466182681	19	Théorie des graphes	http://fr.wikipedia.org/wiki/Th%c3%a9orie_des_graphes	False	0.05208448801352637	19	1
958.7599561405311	19	Réseau social	http://fr.wikipedia.org/wiki/R%c3%a9seau_social	False	0.07380952668099892	15	1
958.7599561405311	20	Réseau social	http://fr.wikipedia.org/wiki/R%c3%a9seau_social	False	0.0373066547391086	15	4
850.3532407802946	20	Objet (informatique)	http://fr.wikipedia.org/wiki/Objet_(informatique)	False	0.01775481984562744	4	4
1988.5999993959924	20	Information	http://fr.wikipedia.org/wiki/Information	False	0.01718816969935193	30	5
2056.0834105759614	20	Sociologie	http://fr.wikipedia.org/wiki/Sociologie	False	0.01128376907286846	30	5
1940.1681580125664	20	Informatique	http://fr.wikipedia.org/wiki/Informatique	False	0.02369044571352285	62	5
2523.57466182681	20	Théorie des graphes	http://fr.wikipedia.org/wiki/Th%c3%a9orie_des_graphes	False	0.02392837569069339	19	5
11456.190906537671	21	Biologie	http://fr.wikipedia.org/wiki/Biologie	False	0.009411179276233514	20	9
11807.08254651285	21	Physique	http://fr.wikipedia.org/wiki/Physique	False	0.01026031440659285	30	9
1940.1681580125664	21	Informatique	http://fr.wikipedia.org/wiki/Informatique	False	0.01066024852104104	62	9
3230.167002400713	21	Prix Nobel de chimie	http://fr.wikipedia.org/wiki/Prix_Nobel_de_chimie	False	0.01189589001143598	5	8
1841.2971420952326	21	Mathématiques	http://fr.wikipedia.org/wiki/Math%c3%a9matiques	False	0.02028908032309069	62	9
1625.9841884623172	21	Modèle mathématique	http://fr.wikipedia.org/wiki/Mod%c3%a8le_math%c3%a9matique	False	0.02226881275420876	6	9
2523.57466182681	21	Théorie des graphes	http://fr.wikipedia.org/wiki/Th%c3%a9orie_des_graphes	False	0.01815914605443385	19	9
10728.47527777537	21	Chimie	http://fr.wikipedia.org/wiki/Chimie	False	0.01386171312219371	22	9
4735.531626374577	21	Prix Nobel	http://fr.wikipedia.org/wiki/Prix_Nobel	False	0.008471545136115305	10	8
1630.7747661813	21	Jeu de simulation	http://fr.wikipedia.org/wiki/Jeu_de_simulation	False	0.009709272576485177	2	7
2056.0834105759614	22	Sociologie	http://fr.wikipedia.org/wiki/Sociologie	False	0.01293131235385637	30	3
2523.57466182681	22	Théorie des graphes	http://fr.wikipedia.org/wiki/Th%c3%a9orie_des_graphes	False	0.01401557377120696	19	3
2926.328655191353	22	Internet	http://fr.wikipedia.org/wiki/Internet	False	0.01391861462670737	32	3
958.7599561405311	22	Réseau social	http://fr.wikipedia.org/wiki/R%c3%a9seau_social	False	0.07249053623810181	15	3
2777.5440209167737	23	Théorie de l'information	http://fr.wikipedia.org/wiki/Th%c3%a9orie_de_l%27information	False	0.0698941749180679	9	0
3650.9806190240047	23	Capital social	http://fr.wikipedia.org/wiki/Capital_social	False	0.01972649093378867	1	0
1331.8748504004427	24	Facebook	http://fr.wikipedia.org/wiki/Facebook	False	0.01228787282295827	22	12
2574.1816433615923	24	Méthode expérimentale	http://fr.wikipedia.org/wiki/M%c3%a9thode_exp%c3%a9rimentale	False	0.008028688443964125	17	11
2413.1559687911586	24	Théorie	http://fr.wikipedia.org/wiki/Th%c3%a9orie	False	0.0107056656560728	14	12
2523.57466182681	24	Théorie des graphes	http://fr.wikipedia.org/wiki/Th%c3%a9orie_des_graphes	False	0.01472735513057152	19	10
3650.9806190240047	24	Capital social	http://fr.wikipedia.org/wiki/Capital_social	False	0.01306134276528927	1	6
8461.059990577507	24	Judo	http://fr.wikipedia.org/wiki/Judo	False	0.01978194649771519	4	11
1940.1681580125664	24	Informatique	http://fr.wikipedia.org/wiki/Informatique	False	0.02197054990759302	62	12
2661.6299744834455	24	Connaissance	http://fr.wikipedia.org/wiki/Connaissance	False	0.009925191471524576	20	12
3040.68101441616	24	Vérité	http://fr.wikipedia.org/wiki/V%c3%a9rit%c3%a9	False	0.008465779985432543	23	11
2241.7771220708396	24	Propriété	http://fr.wikipedia.org/wiki/Propri%c3%a9t%c3%a9	False	0.00833629558435594	5	11
2025.9032476963378	24	Croyance	http://fr.wikipedia.org/wiki/Croyance	False	0.0086153889469614	16	11
16767.05793794533	24	Genre (biologie)	http://fr.wikipedia.org/wiki/Genre_(biologie)	False	0.01081755033303964	6	10
4893.087485801652	24	Réseau informatique	http://fr.wikipedia.org/wiki/R%c3%a9seau_informatique	False	0.02066255022849599	9	11
2523.57466182681	25	Théorie des graphes	http://fr.wikipedia.org/wiki/Th%c3%a9orie_des_graphes	False	0.06303032170421452	19	2
1841.2971420952326	25	Mathématiques	http://fr.wikipedia.org/wiki/Math%c3%a9matiques	False	0.01352142047737714	62	2
1534.6743182844311	25	Graphe connexe	http://fr.wikipedia.org/wiki/Graphe_connexe	False	0.01021785211899719	4	2
833.8629021614182	26	Twitter	http://fr.wikipedia.org/wiki/Twitter	False	0.02923849214943154	16	8
2056.0834105759614	26	Sociologie	http://fr.wikipedia.org/wiki/Sociologie	False	0.01197507691220947	30	8
1331.8748504004427	26	Facebook	http://fr.wikipedia.org/wiki/Facebook	False	0.02481009081831717	22	8
3208.840232279704	26	Raison	http://fr.wikipedia.org/wiki/Raison	False	0.008703290143216452	14	8
2523.57466182681	26	Théorie des graphes	http://fr.wikipedia.org/wiki/Th%c3%a9orie_des_graphes	False	0.02019731068986133	19	8
958.7599561405311	26	Réseau social	http://fr.wikipedia.org/wiki/R%c3%a9seau_social	False	0.02096734124409512	15	8
4230.584000870403	26	Gauche (politique)	http://fr.wikipedia.org/wiki/Gauche_(politique)	False	0.01046350495331881	12	8
1940.1681580125664	26	Informatique	http://fr.wikipedia.org/wiki/Informatique	False	0.01187594251375648	62	8
3993.7789385913456	26	Phénomène	http://fr.wikipedia.org/wiki/Ph%c3%a9nom%c3%a8ne	False	0.008791356969695263	7	8
3291.6287326940487	27	Continuité (mathématiques)	http://fr.wikipedia.org/wiki/Continuit%c3%a9_(math%c3%a9matiques)	False	0.004974352139178186	12	13
967.0422135082583	27	Mathématiques discrètes	http://fr.wikipedia.org/wiki/Math%c3%a9matiques_discr%c3%a8tes	False	0.01662610750263627	10	16
2952.3461701180263	27	Droit	http://fr.wikipedia.org/wiki/Droit	False	0.005354115134752742	21	13
29398.950338752224	27	Pi	http://fr.wikipedia.org/wiki/Pi	False	0.006649192083349627	15	14
3668.234413081432	27	Ensemble	http://fr.wikipedia.org/wiki/Ensemble	False	0.006159933198620132	20	15
3604.6899129196463	27	Vecteur	http://fr.wikipedia.org/wiki/Vecteur	False	0.005465129992896073	18	15
7426.115310929697	27	Anglais	http://fr.wikipedia.org/wiki/Anglais	False	0.006766814853145419	24	15
2862.812776544944	27	Langage	http://fr.wikipedia.org/wiki/Langage	False	0.004600077348913528	21	10
2222.2529012306945	27	Informaticien	http://fr.wikipedia.org/wiki/Informaticien	False	0.008858377010743216	8	11
54344.7985913002	27	Graphe orienté	http://fr.wikipedia.org/wiki/Graphe_orient%c3%a9	False	0.004523634416012935	7	12
2362.140192346247	27	Arête (géométrie)	http://fr.wikipedia.org/wiki/Ar%c3%aate_(g%c3%a9om%c3%a9trie)	False	0.005693334117057093	3	13
2523.57466182681	27	Théorie des graphes	http://fr.wikipedia.org/wiki/Th%c3%a9orie_des_graphes	False	0.01054607376933888	19	16
2111.0165776572467	27	Algorithmique	http://fr.wikipedia.org/wiki/Algorithmique	False	0.009805895101943525	18	16
3731.504480867247	27	Ordinateur	http://fr.wikipedia.org/wiki/Ordinateur	False	0.005242917777626477	30	14
2088.789541060233	27	Graphe (mathématiques discrètes)	http://fr.wikipedia.org/wiki/Graphe_(math%c3%a9matiques_discr%c3%a8tes)	False	0.00559777404426559	12	14
1841.2971420952326	27	Mathématiques	http://fr.wikipedia.org/wiki/Math%c3%a9matiques	False	0.01859598536248125	62	16
29167.171952116994	27	Graphe non orienté	http://fr.wikipedia.org/wiki/Graphe_non_orient%c3%a9	False	0.01700364256492796	8	9
2362.140192346247	28	Arête (géométrie)	http://fr.wikipedia.org/wiki/Ar%c3%aate_(g%c3%a9om%c3%a9trie)	False	0.06529966733638869	3	1
3763.022767434391	28	Dessin	http://fr.wikipedia.org/wiki/Dessin	False	0.06074567405622566	7	1
3668.234413081432	29	Ensemble	http://fr.wikipedia.org/wiki/Ensemble	False	0.02248902127152217	20	2
2523.57466182681	29	Théorie des graphes	http://fr.wikipedia.org/wiki/Th%c3%a9orie_des_graphes	False	0.0324350429844496	19	3
1331.8748504004427	29	Facebook	http://fr.wikipedia.org/wiki/Facebook	False	0.01840194713790427	22	1
54344.7985913002	29	Graphe orienté	http://fr.wikipedia.org/wiki/Graphe_orient%c3%a9	False	0.05737450980078392	7	2
2523.57466182681	30	Théorie des graphes	http://fr.wikipedia.org/wiki/Th%c3%a9orie_des_graphes	False	0.04245521221849619	19	2
8125.392705990447	30	Relation binaire	http://fr.wikipedia.org/wiki/Relation_binaire	False	0.03450589271739107	11	2
54344.7985913002	30	Graphe orienté	http://fr.wikipedia.org/wiki/Graphe_orient%c3%a9	False	0.05008912420765634	7	2
54344.7985913002	31	Graphe orienté	http://fr.wikipedia.org/wiki/Graphe_orient%c3%a9	False	0.0158723316941347	7	7
13790.050686857276	31	Isomorphisme	http://fr.wikipedia.org/wiki/Isomorphisme	False	0.02627704859701889	9	7
1841.2971420952326	31	Mathématiques	http://fr.wikipedia.org/wiki/Math%c3%a9matiques	False	0.01954871628686559	62	7
2523.57466182681	31	Théorie des graphes	http://fr.wikipedia.org/wiki/Th%c3%a9orie_des_graphes	False	0.03678372697088458	19	7
10223.912645810138	31	Bijection	http://fr.wikipedia.org/wiki/Bijection	False	0.02042666133479576	14	7
2088.789541060233	31	Graphe (mathématiques discrètes)	http://fr.wikipedia.org/wiki/Graphe_(math%c3%a9matiques_discr%c3%a8tes)	False	0.01606764294207255	12	7
2519.0963843860877	31	Géométrie	http://fr.wikipedia.org/wiki/G%c3%a9om%c3%a9trie	False	0.01727136853593658	21	6
1846.4200760718584	31	Problème de l'isomorphisme de graphes	http://fr.wikipedia.org/wiki/Probl%c3%a8me_de_l%27isomorphisme_de_graphes	False	0.02991235882651574	5	6
2519.0963843860877	32	Géométrie	http://fr.wikipedia.org/wiki/G%c3%a9om%c3%a9trie	False	0.02052095096199125	21	7
13790.050686857276	32	Isomorphisme	http://fr.wikipedia.org/wiki/Isomorphisme	False	0.02594607743925262	9	5
3731.504480867247	32	Ordinateur	http://fr.wikipedia.org/wiki/Ordinateur	False	0.01436028891949843	30	6
6495.659736347854	32	Équivalence logique	http://fr.wikipedia.org/wiki/%c3%89quivalence_logique	False	0.01062137156741981	6	7
7968.517159993655	32	Nombre complexe	http://fr.wikipedia.org/wiki/Nombre_complexe	False	0.01155020319627482	12	7
2523.57466182681	32	Théorie des graphes	http://fr.wikipedia.org/wiki/Th%c3%a9orie_des_graphes	False	0.02363304725399758	19	6
3013.9165055556305	32	Triangle	http://fr.wikipedia.org/wiki/Triangle	False	0.02223739859308498	10	6
5185.183152708173	32	Point d'interrogation	http://fr.wikipedia.org/wiki/Point_d%27interrogation	False	0.0112948145109951	2	4
2113.9331890225076	33	Algorithme	http://fr.wikipedia.org/wiki/Algorithme	False	0.04219631851234976	15	6
1841.2971420952326	33	Mathématiques	http://fr.wikipedia.org/wiki/Math%c3%a9matiques	False	0.02087220070489197	62	6
1940.1681580125664	33	Informatique	http://fr.wikipedia.org/wiki/Informatique	False	0.02022778575424206	62	6
2111.0165776572467	33	Algorithmique	http://fr.wikipedia.org/wiki/Algorithmique	False	0.03491339250592424	18	6
29398.950338752224	33	Pi	http://fr.wikipedia.org/wiki/Pi	False	0.01595795344450138	15	6
2523.57466182681	33	Théorie des graphes	http://fr.wikipedia.org/wiki/Th%c3%a9orie_des_graphes	False	0.02599921197375835	19	6
13790.050686857276	33	Isomorphisme	http://fr.wikipedia.org/wiki/Isomorphisme	False	0.01893766454020922	9	6
13790.050686857276	34	Isomorphisme	http://fr.wikipedia.org/wiki/Isomorphisme	False	0.05340383093164555	9	2
2523.57466182681	34	Théorie des graphes	http://fr.wikipedia.org/wiki/Th%c3%a9orie_des_graphes	False	0.0452183769043876	19	2
8130.919568526712	34	Permutation	http://fr.wikipedia.org/wiki/Permutation	False	0.02644568451535688	7	2
13790.050686857276	35	Isomorphisme	http://fr.wikipedia.org/wiki/Isomorphisme	False	0.02861245352863252	9	7
1940.1681580125664	35	Informatique	http://fr.wikipedia.org/wiki/Informatique	False	0.01480861673496092	62	8
1841.2971420952326	35	Mathématiques	http://fr.wikipedia.org/wiki/Math%c3%a9matiques	False	0.01795462015858442	62	8
6495.659736347854	35	Équivalence logique	http://fr.wikipedia.org/wiki/%c3%89quivalence_logique	False	0.01191113245378652	6	7
2001.6712794820237	35	Graphe d'une fonction	http://fr.wikipedia.org/wiki/Graphe_d%27une_fonction	False	0.01498885552571175	10	7
958.7599561405311	35	Réseau social	http://fr.wikipedia.org/wiki/R%c3%a9seau_social	False	0.0119065051413248	15	5
1846.4200760718584	35	Problème de l'isomorphisme de graphes	http://fr.wikipedia.org/wiki/Probl%c3%a8me_de_l%27isomorphisme_de_graphes	False	0.04748569024868823	5	6
1135.4070808936335	35	Théorie de la complexité (informatique théorique)	http://fr.wikipedia.org/wiki/Th%c3%a9orie_de_la_complexit%c3%a9_(informatique_th%c3%a9orique)	False	0.0143480899993907	9	8
2523.57466182681	35	Théorie des graphes	http://fr.wikipedia.org/wiki/Th%c3%a9orie_des_graphes	False	0.0247192587843153	19	8
958.7599561405311	36	Réseau social	http://fr.wikipedia.org/wiki/R%c3%a9seau_social	False	0.06544747407739228	15	1
1625.9841884623172	36	Modèle mathématique	http://fr.wikipedia.org/wiki/Mod%c3%a8le_math%c3%a9matique	False	0.04554854451028154	6	1
10728.47527777537	37	Chimie	http://fr.wikipedia.org/wiki/Chimie	False	0.0279032725696043	22	2
2523.57466182681	37	Théorie des graphes	http://fr.wikipedia.org/wiki/Th%c3%a9orie_des_graphes	False	0.02957215591138504	19	2
3281.2514191998766	37	Molécule	http://fr.wikipedia.org/wiki/Mol%c3%a9cule	False	0.05506041155346186	7	2
2523.57466182681	38	Théorie des graphes	http://fr.wikipedia.org/wiki/Th%c3%a9orie_des_graphes	False	0.05336916182643191	19	2
3539.8873657198956	38	Banque	http://fr.wikipedia.org/wiki/Banque	False	0.0307319903240186	11	2
3131.2346931785046	38	Logiciel libre	http://fr.wikipedia.org/wiki/Logiciel_libre	False	0.0334404232279032	10	2
3331.312235677794	39	Maillage	http://fr.wikipedia.org/wiki/Maillage	False	0.01785238974130094	2	2
10846.60902598722	39	Pomme de terre	http://fr.wikipedia.org/wiki/Pomme_de_terre	False	0.01629130503873449	9	4
3230.6355569271436	39	État	http://fr.wikipedia.org/wiki/%c3%89tat	False	0.01671777232179346	24	4
6891.97946124807	39	Noël	http://fr.wikipedia.org/wiki/No%c3%abl	False	0.02028759450019819	12	4
2523.57466182681	39	Théorie des graphes	http://fr.wikipedia.org/wiki/Th%c3%a9orie_des_graphes	False	0.02200975971737708	19	5
4867.806142551201	39	Espèce	http://fr.wikipedia.org/wiki/Esp%c3%a8ce	False	0.05026168528889773	13	5
3281.2514191998766	41	Molécule	http://fr.wikipedia.org/wiki/Mol%c3%a9cule	False	0.01281985359679896	7	5
1625.9841884623172	41	Modèle mathématique	http://fr.wikipedia.org/wiki/Mod%c3%a8le_math%c3%a9matique	False	0.01214543355548867	6	8
2704.012164003318	41	Site web	http://fr.wikipedia.org/wiki/Site_web	False	0.02575346810074169	18	7
4961.50658212624	41	Image	http://fr.wikipedia.org/wiki/Image	False	0.01073576323173426	18	8
2523.57466182681	41	Théorie des graphes	http://fr.wikipedia.org/wiki/Th%c3%a9orie_des_graphes	False	0.01624976201260206	19	8
958.7599561405311	41	Réseau social	http://fr.wikipedia.org/wiki/R%c3%a9seau_social	False	0.01839339482379774	15	7
2113.9331890225076	41	Algorithme	http://fr.wikipedia.org/wiki/Algorithme	False	0.01872667181736989	15	8
1940.1681580125664	41	Informatique	http://fr.wikipedia.org/wiki/Informatique	False	0.01430040049337649	62	8
1189.316354948165	41	Page web	http://fr.wikipedia.org/wiki/Page_web	False	0.02933484206352924	12	7
2030.832970197521	42	Individu	http://fr.wikipedia.org/wiki/Individu	False	0.01354864410412708	21	4
2704.012164003318	42	Site web	http://fr.wikipedia.org/wiki/Site_web	False	0.02681453069972558	18	3
3281.2514191998766	42	Molécule	http://fr.wikipedia.org/wiki/Mol%c3%a9cule	False	0.01693250003411389	7	2
958.7599561405311	42	Réseau social	http://fr.wikipedia.org/wiki/R%c3%a9seau_social	False	0.05390518255658645	15	3
1806.5949044367358	42	Société (sciences sociales)	http://fr.wikipedia.org/wiki/Soci%c3%a9t%c3%a9_(sciences_sociales)	False	0.01258575016939785	11	4
1841.2971420952326	43	Mathématiques	http://fr.wikipedia.org/wiki/Math%c3%a9matiques	False	0.02952743453487468	62	2
2030.832970197521	43	Individu	http://fr.wikipedia.org/wiki/Individu	False	0.02798486307041587	21	1
8068.27432452554	43	Mets (cuisine)	http://fr.wikipedia.org/wiki/Mets_(cuisine)	False	0.07869736330795177	1	1
1940.1681580125664	44	Informatique	http://fr.wikipedia.org/wiki/Informatique	False	0.01710312079875395	62	7
3668.234413081432	44	Ensemble	http://fr.wikipedia.org/wiki/Ensemble	False	0.01695427051017495	20	7
2295.227686926694	44	Mathématicien	http://fr.wikipedia.org/wiki/Math%c3%a9maticien	False	0.03755382976301793	9	7
2030.832970197521	44	Individu	http://fr.wikipedia.org/wiki/Individu	False	0.01494420625667611	21	7
1188.776302274685	44	Représentation	http://fr.wikipedia.org/wiki/Repr%c3%a9sentation	False	0.01328665591287506	9	7
2710.01373904786	44	Confiance	http://fr.wikipedia.org/wiki/Confiance	False	0.01465037613073785	8	7
1988.5999993959924	44	Information	http://fr.wikipedia.org/wiki/Information	False	0.0198625071905194	30	7
1841.2971420952326	44	Mathématiques	http://fr.wikipedia.org/wiki/Math%c3%a9matiques	False	0.03418311598562464	62	7
1841.2971420952326	45	Mathématiques	http://fr.wikipedia.org/wiki/Math%c3%a9matiques	False	0.01581005161490256	62	14
3707.3960350586935	45	Homo sapiens	http://fr.wikipedia.org/wiki/Homo_sapiens	False	0.00900616424014175	31	14
5241.589472500597	45	Chemin de fer	http://fr.wikipedia.org/wiki/Chemin_de_fer	False	0.007906125387541249	9	12
13310.88366536271	45	2006	http://fr.wikipedia.org/wiki/2006	False	0.008171196520076274	16	14
6655.6933754886195	45	Ethnie	http://fr.wikipedia.org/wiki/Ethnie	False	0.009164172470022125	10	13
3668.234413081432	45	Ensemble	http://fr.wikipedia.org/wiki/Ensemble	False	0.008152945791968598	20	10
10545.83046535342	45	Virgule	http://fr.wikipedia.org/wiki/Virgule	False	0.02565795336042116	3	9
2113.336269680372	45	Statistique	http://fr.wikipedia.org/wiki/Statistique	False	0.009324693839485323	18	13
2710.01373904786	45	Confiance	http://fr.wikipedia.org/wiki/Confiance	False	0.01025729093871251	8	12
3539.8873657198956	45	Banque	http://fr.wikipedia.org/wiki/Banque	False	0.00935130545857487	11	13
8068.27432452554	45	Mets (cuisine)	http://fr.wikipedia.org/wiki/Mets_(cuisine)	False	0.009775234280884755	1	7
8165.792722880208	45	Accolade (architecture)	http://fr.wikipedia.org/wiki/Accolade_(architecture)	False	0.01827186678406447	1	9
1988.5999993959924	45	Information	http://fr.wikipedia.org/wiki/Information	False	0.01570038642454642	30	14
4168.963884305621	45	Parole	http://fr.wikipedia.org/wiki/Parole	False	0.009168757179960445	9	10
16320.939725892755	45	Latin	http://fr.wikipedia.org/wiki/Latin	False	0.01105024560848054	37	14
1796.1169424404436	46	Tableau de bits	http://fr.wikipedia.org/wiki/Tableau_de_bits	False	0.03831018787640289	2	5
1940.1681580125664	46	Informatique	http://fr.wikipedia.org/wiki/Informatique	False	0.0198901456039208	62	5
1477.7008167146628	46	Tableur	http://fr.wikipedia.org/wiki/Tableur	False	0.01948456940724064	7	5
1323.306614407791	46	Langage de programmation	http://fr.wikipedia.org/wiki/Langage_de_programmation	False	0.02632541856521253	18	5
1590.0958806333822	46	Tableau (structure de données)	http://fr.wikipedia.org/wiki/Tableau_(structure_de_donn%c3%a9es)	False	0.017437829571451	8	5
3564.2750528808	46	Booléen	http://fr.wikipedia.org/wiki/Bool%c3%a9en	False	0.01863654113372971	7	5
1250.1463992511717	47	Logiciel	http://fr.wikipedia.org/wiki/Logiciel	False	0.01501599406601085	18	2
19461.65702158483	47	Matrice (mathématiques)	http://fr.wikipedia.org/wiki/Matrice_(math%c3%a9matiques)	False	0.06716619334603904	10	2
1841.2971420952326	47	Mathématiques	http://fr.wikipedia.org/wiki/Math%c3%a9matiques	False	0.01500742598013933	62	2
8125.392705990447	48	Relation binaire	http://fr.wikipedia.org/wiki/Relation_binaire	False	0.01196390689366459	11	4
2523.57466182681	48	Théorie des graphes	http://fr.wikipedia.org/wiki/Th%c3%a9orie_des_graphes	False	0.03293386869861039	19	4
1841.2971420952326	48	Mathématiques	http://fr.wikipedia.org/wiki/Math%c3%a9matiques	False	0.01954668154676683	62	4
11731.744133584165	48	Arithmétique	http://fr.wikipedia.org/wiki/Arithm%c3%a9tique	False	0.01275921253120526	13	4
19461.65702158483	48	Matrice (mathématiques)	http://fr.wikipedia.org/wiki/Matrice_(math%c3%a9matiques)	False	0.04758386631565553	10	4
1841.2971420952326	49	Mathématiques	http://fr.wikipedia.org/wiki/Math%c3%a9matiques	False	0.03474797610838998	62	9
5203.744680007573	49	Symétrie	http://fr.wikipedia.org/wiki/Sym%c3%a9trie	False	0.009298115372205474	15	9
5028.990222845501	49	Étoile	http://fr.wikipedia.org/wiki/%c3%89toile	False	0.008898369498214544	4	8
2973.4382976894713	49	Espace vectoriel	http://fr.wikipedia.org/wiki/Espace_vectoriel	False	0.008530069190231896	15	9
5503.060886103935	49	Nombre réel	http://fr.wikipedia.org/wiki/Nombre_r%c3%a9el	False	0.008345045768400262	24	9
9452.486322611245	49	Multiplication	http://fr.wikipedia.org/wiki/Multiplication	False	0.007285053010642688	10	9
2523.57466182681	49	Théorie des graphes	http://fr.wikipedia.org/wiki/Th%c3%a9orie_des_graphes	False	0.02201119901883658	19	9
1322.6059297440436	49	Ensemble fini	http://fr.wikipedia.org/wiki/Ensemble_fini	False	0.006796507139415603	8	8
4542.421084093159	49	Infini	http://fr.wikipedia.org/wiki/Infini	False	0.009609008967087239	9	9
19461.65702158483	49	Matrice (mathématiques)	http://fr.wikipedia.org/wiki/Matrice_(math%c3%a9matiques)	False	0.02229078734632297	10	9
958.7599561405311	50	Réseau social	http://fr.wikipedia.org/wiki/R%c3%a9seau_social	False	0.03864911755991207	15	9
2523.57466182681	50	Théorie des graphes	http://fr.wikipedia.org/wiki/Th%c3%a9orie_des_graphes	False	0.01856179013003935	19	10
2974.021835882792	50	Consommateur	http://fr.wikipedia.org/wiki/Consommateur	False	0.009333927325706598	6	9
3454.058313626644	50	Science	http://fr.wikipedia.org/wiki/Science	False	0.0128022523844783	55	10
2113.9331890225076	50	Algorithme	http://fr.wikipedia.org/wiki/Algorithme	False	0.01883746398827535	15	10
2926.328655191353	50	Internet	http://fr.wikipedia.org/wiki/Internet	False	0.01037747376152636	32	10
2030.832970197521	50	Individu	http://fr.wikipedia.org/wiki/Individu	False	0.01055879329620716	21	10
2661.6299744834455	50	Connaissance	http://fr.wikipedia.org/wiki/Connaissance	False	0.01085037084016239	20	10
29398.950338752224	50	Pi	http://fr.wikipedia.org/wiki/Pi	False	0.01086058564228769	15	8
3230.6355569271436	50	État	http://fr.wikipedia.org/wiki/%c3%89tat	False	0.01013677213312753	24	10
2056.0834105759614	50	Sociologie	http://fr.wikipedia.org/wiki/Sociologie	False	0.01161586522144581	30	10
3230.6355569271436	51	État	http://fr.wikipedia.org/wiki/%c3%89tat	False	0.01220784569998294	24	6
2862.812776544944	51	Langage	http://fr.wikipedia.org/wiki/Langage	False	0.02766737152188729	21	5
2222.2529012306945	51	Informaticien	http://fr.wikipedia.org/wiki/Informaticien	False	0.03248664206287792	8	4
2295.227686926694	51	Mathématicien	http://fr.wikipedia.org/wiki/Math%c3%a9maticien	False	0.04183460971400445	9	6
1539.8923987975577	51	Programmation informatique	http://fr.wikipedia.org/wiki/Programmation_informatique	False	0.01616987721648862	11	6
16767.05793794533	51	Genre (biologie)	http://fr.wikipedia.org/wiki/Genre_(biologie)	False	0.02002700970536809	6	5
4245.939933136295	51	Temps	http://fr.wikipedia.org/wiki/Temps	False	0.01717314863046118	11	6
3263.1409960060905	52	Logique	http://fr.wikipedia.org/wiki/Logique	False	0.02132206308319401	35	5
10085.736479189833	52	Quantificateur (logique)	http://fr.wikipedia.org/wiki/Quantificateur_(logique)	False	0.01745773114577031	3	5
7198.684000570357	52	Symbole	http://fr.wikipedia.org/wiki/Symbole	False	0.01221635561808035	18	5
3040.68101441616	52	Vérité	http://fr.wikipedia.org/wiki/V%c3%a9rit%c3%a9	False	0.01163391961091589	23	5
4531.2239848625095	52	Calcul des prédicats	http://fr.wikipedia.org/wiki/Calcul_des_pr%c3%a9dicats	False	0.05803850825029255	7	5
2111.0165776572467	52	Algorithmique	http://fr.wikipedia.org/wiki/Algorithmique	False	0.01704906677156179	18	5
4531.2239848625095	53	Calcul des prédicats	http://fr.wikipedia.org/wiki/Calcul_des_pr%c3%a9dicats	False	0.06176898718943558	7	4
3134.72628973373	53	Syntaxe	http://fr.wikipedia.org/wiki/Syntaxe	False	0.02572265366726622	12	4
3263.1409960060905	53	Logique	http://fr.wikipedia.org/wiki/Logique	False	0.02522338744993169	35	4
3668.234413081432	53	Ensemble	http://fr.wikipedia.org/wiki/Ensemble	False	0.01581742464212001	20	4
16767.05793794533	53	Genre (biologie)	http://fr.wikipedia.org/wiki/Genre_(biologie)	False	0.02670379372338378	6	4
26751.396231079518	54	Paire	http://fr.wikipedia.org/wiki/Paire	False	0.01064364336782869	7	7
3134.72628973373	54	Syntaxe	http://fr.wikipedia.org/wiki/Syntaxe	False	0.02359860880551609	12	6
5639.799436272047	54	Jargon	http://fr.wikipedia.org/wiki/Jargon	False	0.01249390628836908	4	6
2241.7771220708396	54	Propriété	http://fr.wikipedia.org/wiki/Propri%c3%a9t%c3%a9	False	0.01390843463473699	5	6
21475.924238895448	54	Propriété universelle	http://fr.wikipedia.org/wiki/Propri%c3%a9t%c3%a9_universelle	False	0.0444401080651509	2	6
1964.680296768506	54	Environnement	http://fr.wikipedia.org/wiki/Environnement	False	0.01103419644274685	28	7
11565.524961685487	54	Action de groupe (mathématiques)	http://fr.wikipedia.org/wiki/Action_de_groupe_(math%c3%a9matiques)	False	0.01036596578478164	8	5
8165.792722880208	54	Accolade (architecture)	http://fr.wikipedia.org/wiki/Accolade_(architecture)	False	0.01356065470322962	1	2
8068.27432452554	54	Mets (cuisine)	http://fr.wikipedia.org/wiki/Mets_(cuisine)	False	0.01296273223085878	1	1
3668.234413081432	54	Ensemble	http://fr.wikipedia.org/wiki/Ensemble	False	0.0170971840432294	20	9
6495.659736347854	54	Équivalence logique	http://fr.wikipedia.org/wiki/%c3%89quivalence_logique	False	0.01029460988398393	6	5
4245.939933136295	55	Temps	http://fr.wikipedia.org/wiki/Temps	False	0.009295708473054899	11	13
3323.1167759679674	55	Langage naturel	http://fr.wikipedia.org/wiki/Langage_naturel	False	0.01003629242740274	9	8
3040.68101441616	55	Vérité	http://fr.wikipedia.org/wiki/V%c3%a9rit%c3%a9	False	0.007730970741111035	23	13
7198.684000570357	55	Symbole	http://fr.wikipedia.org/wiki/Symbole	False	0.01277274716552114	18	13
2710.01373904786	55	Confiance	http://fr.wikipedia.org/wiki/Confiance	False	0.007012244383494017	8	9
4906.963620856928	55	Phrase	http://fr.wikipedia.org/wiki/Phrase	False	0.01093193685123081	3	12
29398.950338752224	55	Pi	http://fr.wikipedia.org/wiki/Pi	False	0.01235319867240748	15	13
8786.02953656891	55	Esclavage	http://fr.wikipedia.org/wiki/Esclavage	False	0.006990253670684516	11	10
10545.83046535342	55	Virgule	http://fr.wikipedia.org/wiki/Virgule	False	0.03602431316886197	3	10
26781.05816728084	55	X (lettre)	http://fr.wikipedia.org/wiki/X_(lettre)	False	0.006882628702025897	2	10
3454.058313626644	55	Science	http://fr.wikipedia.org/wiki/Science	False	0.01076853122890757	55	13
1841.2971420952326	55	Mathématiques	http://fr.wikipedia.org/wiki/Math%c3%a9matiques	False	0.02567416406210941	62	13
3229.3399969110465	55	Intersection (mathématiques)	http://fr.wikipedia.org/wiki/Intersection_(math%c3%a9matiques)	False	0.008048642915157157	8	7
5119.358052499809	55	Français	http://fr.wikipedia.org/wiki/Fran%c3%a7ais	False	0.00796586933015955	27	12
2241.7771220708396	56	Propriété	http://fr.wikipedia.org/wiki/Propri%c3%a9t%c3%a9	False	0.007547249930118222	5	9
4245.939933136295	56	Temps	http://fr.wikipedia.org/wiki/Temps	False	0.008837922892309053	11	10
2111.0165776572467	56	Algorithmique	http://fr.wikipedia.org/wiki/Algorithmique	False	0.01929246513394119	18	10
5119.358052499809	56	Français	http://fr.wikipedia.org/wiki/Fran%c3%a7ais	False	0.0077051254741169	27	12
1988.5999993959924	56	Information	http://fr.wikipedia.org/wiki/Information	False	0.01000967250143	30	10
2523.57466182681	56	Théorie des graphes	http://fr.wikipedia.org/wiki/Th%c3%a9orie_des_graphes	False	0.0176076919483512	19	8
5013.540653032889	56	Pêche (halieutique)	http://fr.wikipedia.org/wiki/P%c3%aache_(halieutique)	False	0.007200923541496418	8	10
2063.5860065407574	56	Boucle for	http://fr.wikipedia.org/wiki/Boucle_for	False	0.01430729625779298	1	2
5241.589472500597	56	Chemin de fer	http://fr.wikipedia.org/wiki/Chemin_de_fer	False	0.008182598118322086	9	11
13226.430446518956	56	Flèche (architecture)	http://fr.wikipedia.org/wiki/Fl%c3%a8che_(architecture)	False	0.02566102238794064	1	6
8614.710439559309	56	Colonne (architecture)	http://fr.wikipedia.org/wiki/Colonne_(architecture)	False	0.007001742350160003	2	10
8099.844842898126	56	Vert	http://fr.wikipedia.org/wiki/Vert	False	0.007161408222723094	8	9
3763.022767434391	56	Dessin	http://fr.wikipedia.org/wiki/Dessin	False	0.007775308454369862	7	11
8976.271505779725	57	Imprimerie	http://fr.wikipedia.org/wiki/Imprimerie	False	0.01721504624686075	15	4
1841.2971420952326	57	Mathématiques	http://fr.wikipedia.org/wiki/Math%c3%a9matiques	False	0.06702277190316486	62	4
2710.01373904786	57	Confiance	http://fr.wikipedia.org/wiki/Confiance	False	0.02900302552616477	8	4
5270.315226273154	57	Écriture	http://fr.wikipedia.org/wiki/%c3%89criture	False	0.02039289643528476	12	4
2030.832970197521	57	Individu	http://fr.wikipedia.org/wiki/Individu	False	0.01729919628416372	21	4
2523.57466182681	58	Théorie des graphes	http://fr.wikipedia.org/wiki/Th%c3%a9orie_des_graphes	False	0.03965945088662049	19	1
1841.2971420952326	58	Mathématiques	http://fr.wikipedia.org/wiki/Math%c3%a9matiques	False	0.07513710243546275	62	1
7297.139725999497	59	Cardinal (religion)	http://fr.wikipedia.org/wiki/Cardinal_(religion)	False	0.06233387534761953	2	4
17232.364470871016	59	Tolède	http://fr.wikipedia.org/wiki/Tol%c3%a8de	False	0.01005864443365904	4	4
1841.2971420952326	59	Mathématiques	http://fr.wikipedia.org/wiki/Math%c3%a9matiques	False	0.03539152247273694	62	4
5119.358052499809	59	Français	http://fr.wikipedia.org/wiki/Fran%c3%a7ais	False	0.009198623829541107	27	4
5270.315226273154	59	Écriture	http://fr.wikipedia.org/wiki/%c3%89criture	False	0.01024941357331135	12	4
958.7599561405311	60	Réseau social	http://fr.wikipedia.org/wiki/R%c3%a9seau_social	False	0.05236151968600026	15	2
2056.0834105759614	60	Sociologie	http://fr.wikipedia.org/wiki/Sociologie	False	0.01847776776593573	30	3
2710.01373904786	60	Confiance	http://fr.wikipedia.org/wiki/Confiance	False	0.01820925901804725	8	3
8614.710439559309	60	Colonne (architecture)	http://fr.wikipedia.org/wiki/Colonne_(architecture)	False	0.04046073841039912	2	2
24059.215814706855	61	2005	http://fr.wikipedia.org/wiki/2005	False	0.07394106426664987	19	4
1841.2971420952326	61	Mathématiques	http://fr.wikipedia.org/wiki/Math%c3%a9matiques	False	0.02972987531169254	62	3
82.45920481438174	61	Cetera	http://fr.wikipedia.org/wiki/Cetera	True	0.04153184845608863	1	1
6510.489216475309	61	Train	http://fr.wikipedia.org/wiki/Train	False	0.04677811944015745	6	3
2710.01373904786	61	Confiance	http://fr.wikipedia.org/wiki/Confiance	False	0.04081399628410537	8	3
2922.4525201181323	62	Hypothèse	http://fr.wikipedia.org/wiki/Hypoth%c3%a8se	False	0.009440464216107235	12	11
3709.9957341064237	62	Implication (logique)	http://fr.wikipedia.org/wiki/Implication_(logique)	False	0.007337582848863381	7	9
3040.68101441616	62	Vérité	http://fr.wikipedia.org/wiki/V%c3%a9rit%c3%a9	False	0.008675944035925738	23	11
3263.1409960060905	62	Logique	http://fr.wikipedia.org/wiki/Logique	False	0.01408366829911895	35	11
8228.415499046701	62	Cercle	http://fr.wikipedia.org/wiki/Cercle	False	0.006750900981904268	11	9
5270.315226273154	62	Écriture	http://fr.wikipedia.org/wiki/%c3%89criture	False	0.007123356415327681	12	11
1841.2971420952326	62	Mathématiques	http://fr.wikipedia.org/wiki/Math%c3%a9matiques	False	0.04325974483824036	62	11
2523.57466182681	62	Théorie des graphes	http://fr.wikipedia.org/wiki/Th%c3%a9orie_des_graphes	False	0.007238353370121376	19	11
2710.01373904786	62	Confiance	http://fr.wikipedia.org/wiki/Confiance	False	0.008368105036166204	8	9
3996.918202168807	62	Démonstration (logique et mathématique)	http://fr.wikipedia.org/wiki/D%c3%a9monstration_(logique_et_math%c3%a9matique)	False	0.00805720320347729	9	11
1940.1681580125664	62	Informatique	http://fr.wikipedia.org/wiki/Informatique	False	0.01047811410546545	62	11
2222.2529012306945	62	Informaticien	http://fr.wikipedia.org/wiki/Informaticien	False	0.01135374576523736	8	9
4550.253876414989	63	Nombre	http://fr.wikipedia.org/wiki/Nombre	False	0.005348725026033768	15	19
3584.2427496960668	63	Intelligence artificielle	http://fr.wikipedia.org/wiki/Intelligence_artificielle	False	0.005053266220839956	33	21
3263.1409960060905	63	Logique	http://fr.wikipedia.org/wiki/Logique	False	0.01365705756078645	35	21
8231.288165519387	63	Poker	http://fr.wikipedia.org/wiki/Poker	False	0.004627164727278248	5	14
16767.05793794533	63	Genre (biologie)	http://fr.wikipedia.org/wiki/Genre_(biologie)	False	0.004423297034931248	6	14
8184.929247393317	63	Technique	http://fr.wikipedia.org/wiki/Technique	False	0.004329118317390105	29	20
1841.2971420952326	63	Mathématiques	http://fr.wikipedia.org/wiki/Math%c3%a9matiques	False	0.009938025739065874	62	21
10332.06173428314	63	Syllogisme	http://fr.wikipedia.org/wiki/Syllogisme	False	0.004650414624246555	7	20
2525.821086886676	63	Raisonnement	http://fr.wikipedia.org/wiki/Raisonnement	False	0.005793305826984991	15	21
10299.115023130946	63	Négation (linguistique)	http://fr.wikipedia.org/wiki/N%c3%a9gation_(linguistique)	False	0.00495066934605514	16	20
2862.812776544944	63	Langage	http://fr.wikipedia.org/wiki/Langage	False	0.005618981695781093	21	21
11731.744133584165	63	Arithmétique	http://fr.wikipedia.org/wiki/Arithm%c3%a9tique	False	0.005654194240995679	13	21
6226.083525971302	63	Langage formel	http://fr.wikipedia.org/wiki/Langage_formel	False	0.004790053372246429	9	19
2830.6622701253036	63	Théorie des ensembles	http://fr.wikipedia.org/wiki/Th%c3%a9orie_des_ensembles	False	0.004816016116526272	15	20
3040.68101441616	63	Vérité	http://fr.wikipedia.org/wiki/V%c3%a9rit%c3%a9	False	0.005523102651373067	23	21
1940.1681580125664	63	Informatique	http://fr.wikipedia.org/wiki/Informatique	False	0.008710964278881914	62	21
2111.0165776572467	63	Algorithmique	http://fr.wikipedia.org/wiki/Algorithmique	False	0.007483384761335489	18	21
4531.2239848625095	63	Calcul des prédicats	http://fr.wikipedia.org/wiki/Calcul_des_pr%c3%a9dicats	False	0.016218275608227	7	20
1298.3481842494255	63	Programme informatique	http://fr.wikipedia.org/wiki/Programme_informatique	False	0.00752651791489078	18	19
15054.502587848423	63	Logique modale	http://fr.wikipedia.org/wiki/Logique_modale	False	0.01163343264822382	7	18
34260.96721301626	63	Négation logique	http://fr.wikipedia.org/wiki/N%c3%a9gation_logique	False	0.004975643302130234	8	18
17356.99157973021	63	Algèbre de Boole (logique)	http://fr.wikipedia.org/wiki/Alg%c3%a8bre_de_Boole_(logique)	False	0.01977344208453487	11	20
2710.01373904786	64	Confiance	http://fr.wikipedia.org/wiki/Confiance	False	0.007685404169214488	8	8
4245.939933136295	64	Temps	http://fr.wikipedia.org/wiki/Temps	False	0.007426312462580886	11	8
3707.3960350586935	64	Homo sapiens	http://fr.wikipedia.org/wiki/Homo_sapiens	False	0.01025749821272286	31	8
3263.1409960060905	64	Logique	http://fr.wikipedia.org/wiki/Logique	False	0.0128773838619698	35	8
1841.2971420952326	64	Mathématiques	http://fr.wikipedia.org/wiki/Math%c3%a9matiques	False	0.01820396616894654	62	8
16767.05793794533	64	Genre (biologie)	http://fr.wikipedia.org/wiki/Genre_(biologie)	False	0.02919112505147702	6	8
3584.2427496960668	64	Intelligence artificielle	http://fr.wikipedia.org/wiki/Intelligence_artificielle	False	0.03192037774136663	33	8
2056.0834105759614	64	Sociologie	http://fr.wikipedia.org/wiki/Sociologie	False	0.009163961362855267	30	8
958.7599561405311	64	Réseau social	http://fr.wikipedia.org/wiki/R%c3%a9seau_social	False	0.01763134569283209	15	8
