489.34158696933014	1	Informatique	http://fr.wikipedia.org/wiki/Informatique	False	0.05448591720592433	46	3
1314.9068875530825	1	Algorithmique répartie	http://fr.wikipedia.org/wiki/Algorithmique_r%c3%a9partie	False	0.05230790130753449	8	3
1052.6718992573599	1	Calcul distribué	http://fr.wikipedia.org/wiki/Calcul_distribu%c3%a9	False	0.04272823503665615	19	3
780.2304502312219	1	Algorithmique	http://fr.wikipedia.org/wiki/Algorithmique	False	0.05339426026216283	10	3
10551.23273572898	2	Oklahoma	http://fr.wikipedia.org/wiki/Oklahoma	False	0.03360425938171133	6	3
4745.860236771344	2	Maîtrise universitaire ès lettres	http://fr.wikipedia.org/wiki/Ma%c3%aetrise_universitaire_%c3%a8s_lettres	False	0.03724534565756823	1	3
780.2304502312219	2	Algorithmique	http://fr.wikipedia.org/wiki/Algorithmique	False	0.06905526708461925	10	3
1314.9068875530825	2	Algorithmique répartie	http://fr.wikipedia.org/wiki/Algorithmique_r%c3%a9partie	False	0.0608816530590469	8	3
9345.240305045916	3	Nantes	http://fr.wikipedia.org/wiki/Nantes	False	0.09737773572481367	8	0
9345.240305045916	4	Nantes	http://fr.wikipedia.org/wiki/Nantes	False	0.07475673031312344	8	0
75686.62859929423	5	Transparent (série télévisée)	http://fr.wikipedia.org/wiki/Transparent_(s%c3%a9rie_t%c3%a9l%c3%a9vis%c3%a9e)	False	0.02590021544938647	1	3
3097.169455563771	5	Transparence	http://fr.wikipedia.org/wiki/Transparence	False	0.02136299461182464	4	2
9345.240305045916	5	Nantes	http://fr.wikipedia.org/wiki/Nantes	False	0.04275159300177649	8	3
6822.001649131683	5	Wikimedia Commons	http://fr.wikipedia.org/wiki/Wikimedia_Commons	False	0.04575491114252479	5	2
9345.240305045916	6	Nantes	http://fr.wikipedia.org/wiki/Nantes	False	0.03487110444132317	8	3
6822.001649131683	6	Wikimedia Commons	http://fr.wikipedia.org/wiki/Wikimedia_Commons	False	0.05645488687738399	5	3
9918.591774841643	6	Blaise Pascal	http://fr.wikipedia.org/wiki/Blaise_Pascal	False	0.03870297683386342	8	3
31279.504091992418	6	1642	http://fr.wikipedia.org/wiki/1642	False	0.03228937842912796	4	3
6822.001649131683	7	Wikimedia Commons	http://fr.wikipedia.org/wiki/Wikimedia_Commons	False	0.05470766383746317	5	3
66455.27783753528	7	1822	http://fr.wikipedia.org/wiki/1822	False	0.02401903959023888	2	3
54337.25806187278	7	1820	http://fr.wikipedia.org/wiki/1820	False	0.02629394838884408	4	3
9345.240305045916	7	Nantes	http://fr.wikipedia.org/wiki/Nantes	False	0.03333840755877536	8	3
2559.9293203463285	8	Ordinateur	http://fr.wikipedia.org/wiki/Ordinateur	False	0.02170990426542179	43	6
3212.0688906671326	8	Machine analytique	http://fr.wikipedia.org/wiki/Machine_analytique	False	0.03575391601619635	7	5
4056.9489011197597	8	Creative Commons	http://fr.wikipedia.org/wiki/Creative_Commons	False	0.02505047248512279	8	3
9345.240305045916	8	Nantes	http://fr.wikipedia.org/wiki/Nantes	False	0.02948262858806432	8	6
4822.793225067466	8	Charles Babbage	http://fr.wikipedia.org/wiki/Charles_Babbage	False	0.0217963655010373	12	5
489.34158696933014	8	Informatique	http://fr.wikipedia.org/wiki/Informatique	False	0.02013947171232369	46	6
4250.321986022675	8	Calculatrice mécanique	http://fr.wikipedia.org/wiki/Calculatrice_m%c3%a9canique	False	0.02415775351066122	8	5
3413.9731748021895	9	Téléphone	http://fr.wikipedia.org/wiki/T%c3%a9l%c3%a9phone	False	0.02033960365749711	13	7
4391.344631644106	9	Cinéma	http://fr.wikipedia.org/wiki/Cin%c3%a9ma	False	0.01286156499938512	22	7
72467.16750264411	9	1867	http://fr.wikipedia.org/wiki/1867	False	0.02618759447398327	4	7
6822.001649131683	9	Wikimedia Commons	http://fr.wikipedia.org/wiki/Wikimedia_Commons	False	0.02330492215121326	5	7
9112.730656040763	9	Océan Atlantique	http://fr.wikipedia.org/wiki/Oc%c3%a9an_Atlantique	False	0.01342666711318068	3	7
9345.240305045916	9	Nantes	http://fr.wikipedia.org/wiki/Nantes	False	0.02581590007111724	8	7
12373.897090331977	9	AT&T	http://fr.wikipedia.org/wiki/AT%26T	False	0.01992143812290987	9	7
4399.467383110601	9	Alexander Graham Bell	http://fr.wikipedia.org/wiki/Alexander_Graham_Bell	False	0.01245475583878919	3	7
5132.830569815147	10	Télégraphie sans fil	http://fr.wikipedia.org/wiki/T%c3%a9l%c3%a9graphie_sans_fil	False	0.03430340752116092	5	5
6101.695126457755	10	Télégraphe	http://fr.wikipedia.org/wiki/T%c3%a9l%c3%a9graphe	False	0.02449851772250492	8	5
94681.5254400855	10	1896	http://fr.wikipedia.org/wiki/1896	False	0.02444446883010785	9	5
7488.302088977634	10	Atlantic 10 Conference	http://fr.wikipedia.org/wiki/Atlantic_10_Conference	False	0.02992918054155999	1	4
5886.468183168044	10	Transmission sans fil	http://fr.wikipedia.org/wiki/Transmission_sans_fil	False	0.02650780030228255	6	4
9345.240305045916	10	Nantes	http://fr.wikipedia.org/wiki/Nantes	False	0.03089768027467534	8	5
9345.240305045916	11	Nantes	http://fr.wikipedia.org/wiki/Nantes	False	0.02987393144690404	8	5
4108.322957730531	11	Transistor	http://fr.wikipedia.org/wiki/Transistor	False	0.03219755979113442	7	5
17436.591216241377	11	1947	http://fr.wikipedia.org/wiki/1947	False	0.02423706810443809	6	5
21790.01952735523	11	1926	http://fr.wikipedia.org/wiki/1926	False	0.02387633081763315	4	5
6822.001649131683	11	Wikimedia Commons	http://fr.wikipedia.org/wiki/Wikimedia_Commons	False	0.02658324132814463	5	5
2272.543372879658	11	Brevet	http://fr.wikipedia.org/wiki/Brevet	False	0.0177195530788666	11	5
16027.250903051974	12	1946	http://fr.wikipedia.org/wiki/1946	False	0.02397759712584888	5	4
6822.001649131683	12	Wikimedia Commons	http://fr.wikipedia.org/wiki/Wikimedia_Commons	False	0.02761855708002645	5	3
9345.240305045916	12	Nantes	http://fr.wikipedia.org/wiki/Nantes	False	0.02953198048973836	8	3
4019.5323136746733	12	ENIAC	http://fr.wikipedia.org/wiki/ENIAC	False	0.03692050782832321	3	2
2559.9293203463285	12	Ordinateur	http://fr.wikipedia.org/wiki/Ordinateur	False	0.02487287039618741	43	4
2559.9293203463285	13	Ordinateur	http://fr.wikipedia.org/wiki/Ordinateur	False	0.02414386192475029	43	4
16027.250903051974	13	1946	http://fr.wikipedia.org/wiki/1946	False	0.02221108093984586	5	4
4019.5323136746733	13	ENIAC	http://fr.wikipedia.org/wiki/ENIAC	False	0.03111739369208036	3	2
6822.001649131683	13	Wikimedia Commons	http://fr.wikipedia.org/wiki/Wikimedia_Commons	False	0.04195013161034235	5	3
9345.240305045916	13	Nantes	http://fr.wikipedia.org/wiki/Nantes	False	0.02595242659839793	8	3
2559.9293203463285	14	Ordinateur	http://fr.wikipedia.org/wiki/Ordinateur	False	0.03119656137635026	43	3
4308.674791799941	14	IBM 650	http://fr.wikipedia.org/wiki/IBM_650	False	0.04543096939474714	2	3
5629.89565167827	14	IBM	http://fr.wikipedia.org/wiki/IBM	False	0.04245859950969005	25	3
9345.240305045916	14	Nantes	http://fr.wikipedia.org/wiki/Nantes	False	0.03058524801564485	8	3
2559.9293203463285	15	Ordinateur	http://fr.wikipedia.org/wiki/Ordinateur	False	0.01902761966636209	43	2
9800.974516376786	15	Parti démocrate populaire (France)	http://fr.wikipedia.org/wiki/Parti_d%c3%a9mocrate_populaire_(France)	False	0.04494651997989606	1	2
5252.798925812795	15	Digital Equipment Corporation	http://fr.wikipedia.org/wiki/Digital_Equipment_Corporation	False	0.02105208308886584	14	3
9345.240305045916	15	Nantes	http://fr.wikipedia.org/wiki/Nantes	False	0.03720545196269191	8	3
9345.240305045916	16	Nantes	http://fr.wikipedia.org/wiki/Nantes	False	0.03297811829055407	8	2
2559.9293203463285	16	Ordinateur	http://fr.wikipedia.org/wiki/Ordinateur	False	0.02960790200434812	43	2
13608.790347426864	16	Micral	http://fr.wikipedia.org/wiki/Micral	False	0.06512373942337975	6	2
489.34158696933014	17	Informatique	http://fr.wikipedia.org/wiki/Informatique	False	0.01965427134761389	46	4
9345.240305045916	17	Nantes	http://fr.wikipedia.org/wiki/Nantes	False	0.04567336789110028	8	4
9112.730656040763	17	Océan Atlantique	http://fr.wikipedia.org/wiki/Oc%c3%a9an_Atlantique	False	0.02155719766169336	3	4
4056.9489011197597	17	Creative Commons	http://fr.wikipedia.org/wiki/Creative_Commons	False	0.04439388428812496	8	4
8816.09641365017	17	Ordinateur personnel	http://fr.wikipedia.org/wiki/Ordinateur_personnel	False	0.04279350886090266	19	4
489.34158696933014	18	Informatique	http://fr.wikipedia.org/wiki/Informatique	False	0.01961076786368051	46	4
6941.958698043145	18	IBM 5100 et 5110	http://fr.wikipedia.org/wiki/IBM_5100_et_5110	False	0.03379212302093652	5	4
5629.89565167827	18	IBM	http://fr.wikipedia.org/wiki/IBM	False	0.04108627915039448	25	4
9345.240305045916	18	Nantes	http://fr.wikipedia.org/wiki/Nantes	False	0.03099834207722563	8	4
2559.9293203463285	18	Ordinateur	http://fr.wikipedia.org/wiki/Ordinateur	False	0.0276576451416386	43	4
2559.9293203463285	19	Ordinateur	http://fr.wikipedia.org/wiki/Ordinateur	False	0.02808069754653072	43	3
6276.194085814979	19	Apple I	http://fr.wikipedia.org/wiki/Apple_I	False	0.06535849214235782	4	2
6822.001649131683	19	Wikimedia Commons	http://fr.wikipedia.org/wiki/Wikimedia_Commons	False	0.02648798445501461	5	2
489.34158696933014	19	Informatique	http://fr.wikipedia.org/wiki/Informatique	False	0.02888776322096366	46	3
5437.495932064014	20	Bolo (jeu)	http://fr.wikipedia.org/wiki/Bolo_(jeu)	False	0.0192248936755832	3	3
9345.240305045916	20	Nantes	http://fr.wikipedia.org/wiki/Nantes	False	0.03187248017668326	8	5
3579.086978075793	20	Musée Bolo	http://fr.wikipedia.org/wiki/Mus%c3%a9e_Bolo	False	0.05230745165363101	3	4
6822.001649131683	20	Wikimedia Commons	http://fr.wikipedia.org/wiki/Wikimedia_Commons	False	0.02607210227806824	5	4
4134.731561683168	20	Licence Creative Commons	http://fr.wikipedia.org/wiki/Licence_Creative_Commons	False	0.02075569566167771	9	3
8152.335854822372	20	Compatible PC	http://fr.wikipedia.org/wiki/Compatible_PC	False	0.0172300717537038	15	5
8591.213084717616	21	Années 1990	http://fr.wikipedia.org/wiki/Ann%c3%a9es_1990	False	0.02690996539487514	17	5
489.34158696933014	21	Informatique	http://fr.wikipedia.org/wiki/Informatique	False	0.0221868688461475	46	5
4134.731561683168	21	Licence Creative Commons	http://fr.wikipedia.org/wiki/Licence_Creative_Commons	False	0.04103161001135285	9	5
11433.603685406151	21	Portable Network Graphics	http://fr.wikipedia.org/wiki/Portable_Network_Graphics	False	0.02267937600635509	5	5
9345.240305045916	21	Nantes	http://fr.wikipedia.org/wiki/Nantes	False	0.0413821854469617	8	5
2892.752290546051	21	Wiki	http://fr.wikipedia.org/wiki/Wiki	False	0.02228669883094382	4	5
489.34158696933014	22	Informatique	http://fr.wikipedia.org/wiki/Informatique	False	0.02039569994013372	46	7
2559.9293203463285	22	Ordinateur	http://fr.wikipedia.org/wiki/Ordinateur	False	0.02053447929611643	43	7
6594.997189039088	22	FLOPS	http://fr.wikipedia.org/wiki/FLOPS	False	0.04558731895362635	12	7
15031.780893779001	22	Giga	http://fr.wikipedia.org/wiki/Giga	False	0.02593502218872318	3	7
15125.5205067392	22	Arithmétique	http://fr.wikipedia.org/wiki/Arithm%c3%a9tique	False	0.01965728308702705	6	7
27195.557088566922	22	Méga	http://fr.wikipedia.org/wiki/M%c3%a9ga	False	0.02520472594219842	3	7
4790.108721834127	22	Virgule flottante	http://fr.wikipedia.org/wiki/Virgule_flottante	False	0.02482544970971761	6	7
36279.165401077626	22	Exa	http://fr.wikipedia.org/wiki/Exa	False	0.02250395985078501	2	7
9211.49477188304	23	Blue Gene	http://fr.wikipedia.org/wiki/Blue_Gene	False	0.04380762370460042	6	4
489.34158696933014	23	Informatique	http://fr.wikipedia.org/wiki/Informatique	False	0.03107322762356546	46	5
4264.8430984304305	23	Superordinateur	http://fr.wikipedia.org/wiki/Superordinateur	False	0.04321639682826934	18	5
6594.997189039088	23	FLOPS	http://fr.wikipedia.org/wiki/FLOPS	False	0.04142771102700998	12	5
2892.752290546051	23	Wiki	http://fr.wikipedia.org/wiki/Wiki	False	0.02542926570656497	4	4
5629.89565167827	23	IBM	http://fr.wikipedia.org/wiki/IBM	False	0.04305965281705457	25	5
9345.240305045916	24	Nantes	http://fr.wikipedia.org/wiki/Nantes	False	0.08140115196217078	8	0
6594.997189039088	25	FLOPS	http://fr.wikipedia.org/wiki/FLOPS	False	0.07194567462225346	12	2
9345.240305045916	25	Nantes	http://fr.wikipedia.org/wiki/Nantes	False	0.03562738629386766	8	2
5629.89565167827	25	IBM	http://fr.wikipedia.org/wiki/IBM	False	0.06823767209388205	25	2
9345.240305045916	26	Nantes	http://fr.wikipedia.org/wiki/Nantes	False	0.02410084063068737	8	3
6594.997189039088	26	FLOPS	http://fr.wikipedia.org/wiki/FLOPS	False	0.04330109519743601	12	4
13329.873345347018	26	Tianhe-2	http://fr.wikipedia.org/wiki/Tianhe-2	False	0.03356368010705774	4	3
9290.814123932649	26	Changsha	http://fr.wikipedia.org/wiki/Changsha	False	0.03835636537945611	2	4
4319.881029601231	26	Chine	http://fr.wikipedia.org/wiki/Chine	False	0.02458657902432207	22	4
9345.240305045916	27	Nantes	http://fr.wikipedia.org/wiki/Nantes	False	0.08140115196217078	8	0
2467.3120310595514	28	Internet	http://fr.wikipedia.org/wiki/Internet	False	0.03833168394254086	44	3
4134.731561683168	28	Licence Creative Commons	http://fr.wikipedia.org/wiki/Licence_Creative_Commons	False	0.03650452237081188	9	3
9345.240305045916	28	Nantes	http://fr.wikipedia.org/wiki/Nantes	False	0.05631343092849807	8	3
9112.730656040763	28	Océan Atlantique	http://fr.wikipedia.org/wiki/Oc%c3%a9an_Atlantique	False	0.02736842427576855	3	3
16655.18912452109	29	Nœud (unité)	http://fr.wikipedia.org/wiki/N%c5%93ud_(unit%c3%a9)	False	0.01125468244967946	1	4
4300.314261234934	29	Universal Serial Bus	http://fr.wikipedia.org/wiki/Universal_Serial_Bus	False	0.01292372747351097	9	8
11940.306136360252	29	Université de Californie à Los Angeles	http://fr.wikipedia.org/wiki/Universit%c3%a9_de_Californie_%c3%a0_Los_Angeles	False	0.01523297056735435	5	8
3060.9728747955787	29	Courrier électronique	http://fr.wikipedia.org/wiki/Courrier_%c3%a9lectronique	False	0.01578120793918385	16	8
4617.186946175537	29	ARPANET	http://fr.wikipedia.org/wiki/ARPANET	False	0.0251956839924887	10	8
9986.344260070815	29	Années 1980	http://fr.wikipedia.org/wiki/Ann%c3%a9es_1980	False	0.01281362619973813	24	9
14969.915419665247	29	Californie	http://fr.wikipedia.org/wiki/Californie	False	0.02210380472983494	19	9
21575.09324139179	29	Utah	http://fr.wikipedia.org/wiki/Utah	False	0.01839528340612606	7	8
2467.3120310595514	29	Internet	http://fr.wikipedia.org/wiki/Internet	False	0.01623245588962089	44	9
9345.240305045916	29	Nantes	http://fr.wikipedia.org/wiki/Nantes	False	0.01452854304350698	8	9
9112.730656040763	30	Océan Atlantique	http://fr.wikipedia.org/wiki/Oc%c3%a9an_Atlantique	False	0.03846991219350401	3	1
9345.240305045916	30	Nantes	http://fr.wikipedia.org/wiki/Nantes	False	0.08113006647417782	8	1
66273.73785259493	31	2016	http://fr.wikipedia.org/wiki/2016	False	0.02067906801126728	4	3
9112.730656040763	31	Océan Atlantique	http://fr.wikipedia.org/wiki/Oc%c3%a9an_Atlantique	False	0.03225999663411957	3	3
4134.731561683168	31	Licence Creative Commons	http://fr.wikipedia.org/wiki/Licence_Creative_Commons	False	0.0274150868284643	9	3
9345.240305045916	31	Nantes	http://fr.wikipedia.org/wiki/Nantes	False	0.06854478306225534	8	3
1194.06025939431	32	Parallélisme (informatique)	http://fr.wikipedia.org/wiki/Parall%c3%a9lisme_(informatique)	False	0.03483132320574772	18	4
6822.001649131683	32	Wikimedia Commons	http://fr.wikipedia.org/wiki/Wikimedia_Commons	False	0.02097006568057994	5	4
2559.9293203463285	32	Ordinateur	http://fr.wikipedia.org/wiki/Ordinateur	False	0.02404024656011644	43	5
8591.213084717616	32	Années 1990	http://fr.wikipedia.org/wiki/Ann%c3%a9es_1990	False	0.02214773214902108	17	5
4264.8430984304305	32	Superordinateur	http://fr.wikipedia.org/wiki/Superordinateur	False	0.04189330151848908	18	5
9345.240305045916	32	Nantes	http://fr.wikipedia.org/wiki/Nantes	False	0.02016347370435726	8	5
9345.240305045916	33	Nantes	http://fr.wikipedia.org/wiki/Nantes	False	0.02845697337348586	8	6
2892.752290546051	33	Wiki	http://fr.wikipedia.org/wiki/Wiki	False	0.0169561873456485	4	6
4134.731561683168	33	Licence Creative Commons	http://fr.wikipedia.org/wiki/Licence_Creative_Commons	False	0.02636892640850244	9	5
2690.619700761772	33	Multiprocesseur	http://fr.wikipedia.org/wiki/Multiprocesseur	False	0.03795005852602908	5	5
2995.723216671587	33	Réseau informatique	http://fr.wikipedia.org/wiki/R%c3%a9seau_informatique	False	0.02323708509857036	24	6
846.3494338134137	33	Système d'exploitation	http://fr.wikipedia.org/wiki/Syst%c3%a8me_d%27exploitation	False	0.01945101783161034	29	6
2467.3120310595514	33	Internet	http://fr.wikipedia.org/wiki/Internet	False	0.03166988171655028	44	6
9345.240305045916	34	Nantes	http://fr.wikipedia.org/wiki/Nantes	False	0.02786633027882231	8	5
3631.6308925020444	34	Ressource naturelle	http://fr.wikipedia.org/wiki/Ressource_naturelle	False	0.01363868461001938	4	5
6822.001649131683	34	Wikimedia Commons	http://fr.wikipedia.org/wiki/Wikimedia_Commons	False	0.02786704922977294	5	5
1321.6671993759344	34	Cloud computing	http://fr.wikipedia.org/wiki/Cloud_computing	False	0.04874345971993952	14	5
9112.730656040763	34	Océan Atlantique	http://fr.wikipedia.org/wiki/Oc%c3%a9an_Atlantique	False	0.01450296871489761	3	5
5013.390956199957	34	Secteur tertiaire	http://fr.wikipedia.org/wiki/Secteur_tertiaire	False	0.01543987776086607	2	5
9345.240305045916	35	Nantes	http://fr.wikipedia.org/wiki/Nantes	False	0.07475673031312344	8	0
1052.6718992573599	36	Calcul distribué	http://fr.wikipedia.org/wiki/Calcul_distribu%c3%a9	False	0.03681885129867542	19	5
9345.240305045916	36	Nantes	http://fr.wikipedia.org/wiki/Nantes	False	0.03469756212518282	8	5
1882.352168909437	36	Communication	http://fr.wikipedia.org/wiki/Communication	False	0.01375186387984496	17	5
9112.730656040763	36	Océan Atlantique	http://fr.wikipedia.org/wiki/Oc%c3%a9an_Atlantique	False	0.01465704784579036	3	5
2559.9293203463285	36	Ordinateur	http://fr.wikipedia.org/wiki/Ordinateur	False	0.01489511500047874	43	5
489.34158696933014	36	Informatique	http://fr.wikipedia.org/wiki/Informatique	False	0.02299223469783818	46	5
2559.9293203463285	37	Ordinateur	http://fr.wikipedia.org/wiki/Ordinateur	False	0.02650807153649158	43	3
6822.001649131683	37	Wikimedia Commons	http://fr.wikipedia.org/wiki/Wikimedia_Commons	False	0.02471252533463371	5	3
7551.612952763414	37	Andrew Tanenbaum	http://fr.wikipedia.org/wiki/Andrew_Tanenbaum	False	0.04215768530779541	3	3
1052.6718992573599	37	Calcul distribué	http://fr.wikipedia.org/wiki/Calcul_distribu%c3%a9	False	0.02619486779402571	19	3
1052.6718992573599	38	Calcul distribué	http://fr.wikipedia.org/wiki/Calcul_distribu%c3%a9	False	0.03820980702808921	19	2
4351.659350660137	38	Leslie Lamport	http://fr.wikipedia.org/wiki/Leslie_Lamport	False	0.07270098366927079	9	2
9345.240305045916	38	Nantes	http://fr.wikipedia.org/wiki/Nantes	False	0.03447963534615205	8	2
9345.240305045916	39	Nantes	http://fr.wikipedia.org/wiki/Nantes	False	0.07475673031312344	8	0
1052.6718992573599	40	Calcul distribué	http://fr.wikipedia.org/wiki/Calcul_distribu%c3%a9	False	0.07108243161968798	19	1
9345.240305045916	40	Nantes	http://fr.wikipedia.org/wiki/Nantes	False	0.04343699976626233	8	1
4134.731561683168	41	Licence Creative Commons	http://fr.wikipedia.org/wiki/Licence_Creative_Commons	False	0.02347128640309851	9	6
5317.049383987274	41	Image	http://fr.wikipedia.org/wiki/Image	False	0.01590922058893971	6	6
9345.240305045916	41	Nantes	http://fr.wikipedia.org/wiki/Nantes	False	0.02482719466924592	8	5
6822.001649131683	41	Wikimedia Commons	http://fr.wikipedia.org/wiki/Wikimedia_Commons	False	0.046994195188127	5	6
2892.752290546051	41	Wiki	http://fr.wikipedia.org/wiki/Wiki	False	0.01941820198502605	4	6
5141.989783141711	41	Licence de documentation libre GNU	http://fr.wikipedia.org/wiki/Licence_de_documentation_libre_GNU	False	0.02948080197685255	3	5
4305.129572350817	41	Web 2.0	http://fr.wikipedia.org/wiki/Web_2%2e0	False	0.01592420870444089	11	6
1880.6174713831826	42	Réseau local	http://fr.wikipedia.org/wiki/R%c3%a9seau_local	False	0.03592592169465365	5	4
2892.752290546051	42	Wiki	http://fr.wikipedia.org/wiki/Wiki	False	0.02890943132539574	4	4
2973.2381495169834	42	Jeu d'action	http://fr.wikipedia.org/wiki/Jeu_d%27action	False	0.02847748181941348	1	4
2860.5989767337137	42	Jeu de rôle en ligne massivement multijoueur	http://fr.wikipedia.org/wiki/Jeu_de_r%c3%b4le_en_ligne_massivement_multijoueur	False	0.06940689426629673	6	4
9345.240305045916	42	Nantes	http://fr.wikipedia.org/wiki/Nantes	False	0.02824697858279725	8	4
3429.8752181035684	43	Réseau social	http://fr.wikipedia.org/wiki/R%c3%a9seau_social	False	0.03212552443571363	6	2
2846.8818752166453	43	Facebook	http://fr.wikipedia.org/wiki/Facebook	False	0.03084071787334572	11	2
9345.240305045916	43	Nantes	http://fr.wikipedia.org/wiki/Nantes	False	0.06384855264214936	8	2
4134.731561683168	44	Licence Creative Commons	http://fr.wikipedia.org/wiki/Licence_Creative_Commons	False	0.02501293300487131	9	4
9112.730656040763	44	Océan Atlantique	http://fr.wikipedia.org/wiki/Oc%c3%a9an_Atlantique	False	0.02001829621086125	3	5
4305.129572350817	44	Web 2.0	http://fr.wikipedia.org/wiki/Web_2%2e0	False	0.01759412554661858	11	5
9345.240305045916	44	Nantes	http://fr.wikipedia.org/wiki/Nantes	False	0.04284472192896616	8	5
2846.8818752166453	44	Facebook	http://fr.wikipedia.org/wiki/Facebook	False	0.02913875359413378	11	5
811.1218915394219	44	Matériel informatique	http://fr.wikipedia.org/wiki/Mat%c3%a9riel_informatique	False	0.0226720128369904	18	4
1944.196274600013	45	Téléchargement	http://fr.wikipedia.org/wiki/T%c3%a9l%c3%a9chargement	False	0.01592547570779536	8	9
1536.4547076666036	45	Système d'information	http://fr.wikipedia.org/wiki/Syst%c3%a8me_d%27information	False	0.01517772321079999	8	9
846.3494338134137	45	Système d'exploitation	http://fr.wikipedia.org/wiki/Syst%c3%a8me_d%27exploitation	False	0.01615389909188559	29	9
6822.001649131683	45	Wikimedia Commons	http://fr.wikipedia.org/wiki/Wikimedia_Commons	False	0.03288577057152595	5	9
1009.9005535469877	45	Service web	http://fr.wikipedia.org/wiki/Service_web	False	0.02536470077803257	5	8
4305.129572350817	45	Web 2.0	http://fr.wikipedia.org/wiki/Web_2%2e0	False	0.0149169783581178	11	9
9345.240305045916	45	Nantes	http://fr.wikipedia.org/wiki/Nantes	False	0.02932251267017076	8	8
5317.049383987274	45	Image	http://fr.wikipedia.org/wiki/Image	False	0.01578933257888391	6	9
898.3553200419545	45	Application (informatique)	http://fr.wikipedia.org/wiki/Application_(informatique)	False	0.01396866715334125	14	9
4134.731561683168	45	Licence Creative Commons	http://fr.wikipedia.org/wiki/Licence_Creative_Commons	False	0.02225390185252939	9	9
9345.240305045916	46	Nantes	http://fr.wikipedia.org/wiki/Nantes	False	0.02188973100208213	8	7
4134.731561683168	46	Licence Creative Commons	http://fr.wikipedia.org/wiki/Licence_Creative_Commons	False	0.0215434543995441	9	7
2559.9293203463285	46	Ordinateur	http://fr.wikipedia.org/wiki/Ordinateur	False	0.0247244001772927	43	7
2128.9247524846546	46	Propriété intellectuelle	http://fr.wikipedia.org/wiki/Propri%c3%a9t%c3%a9_intellectuelle	False	0.02391894105600001	9	7
2467.3120310595514	46	Internet	http://fr.wikipedia.org/wiki/Internet	False	0.03189691102595376	44	7
965.438996550937	46	Fichier informatique	http://fr.wikipedia.org/wiki/Fichier_informatique	False	0.02401621639469623	8	7
3973.1358171402103	46	EMule	http://fr.wikipedia.org/wiki/EMule	False	0.03437440544582668	4	7
2354.9036067436436	46	Pair à pair	http://fr.wikipedia.org/wiki/Pair_%c3%a0_pair	False	0.04485651174143242	15	7
9345.240305045916	47	Nantes	http://fr.wikipedia.org/wiki/Nantes	False	0.04387602122929569	8	1
4134.731561683168	47	Licence Creative Commons	http://fr.wikipedia.org/wiki/Licence_Creative_Commons	False	0.02855527433374918	9	2
3166.5406352609143	47	Modélisation tridimensionnelle	http://fr.wikipedia.org/wiki/Mod%c3%a9lisation_tridimensionnelle	False	0.0353073689940013	2	1
2463.3514783144888	48	SETI@home	http://fr.wikipedia.org/wiki/SETI%40home	False	0.03603462860482633	12	5
609.4541648992667	48	Base de données	http://fr.wikipedia.org/wiki/Base_de_donn%c3%a9es	False	0.02416661781916336	16	6
1882.316609526737	48	Search for Extra-Terrestrial Intelligence	http://fr.wikipedia.org/wiki/Search_for_Extra-Terrestrial_Intelligence	False	0.02497547911873419	7	6
9345.240305045916	48	Nantes	http://fr.wikipedia.org/wiki/Nantes	False	0.02146763514303413	8	5
1052.6718992573599	48	Calcul distribué	http://fr.wikipedia.org/wiki/Calcul_distribu%c3%a9	False	0.05027362028638999	19	6
1584.8054700946734	48	Chiffrement	http://fr.wikipedia.org/wiki/Chiffrement	False	0.02244519548262475	8	6
1430.3879000236916	48	Calcul (mathématiques)	http://fr.wikipedia.org/wiki/Calcul_(math%c3%a9matiques)	False	0.02152404548706819	9	6
9345.240305045916	49	Nantes	http://fr.wikipedia.org/wiki/Nantes	False	0.01583060264955539	8	9
1430.3879000236916	49	Calcul (mathématiques)	http://fr.wikipedia.org/wiki/Calcul_(math%c3%a9matiques)	False	0.01810778178254189	9	7
6822.001649131683	49	Wikimedia Commons	http://fr.wikipedia.org/wiki/Wikimedia_Commons	False	0.01722663239383284	5	6
3676.3438058594775	49	Science	http://fr.wikipedia.org/wiki/Science	False	0.01991981817064959	17	8
10962.231943456094	49	LHC@home	http://fr.wikipedia.org/wiki/LHC%40home	False	0.02896383986601617	3	8
1052.6718992573599	49	Calcul distribué	http://fr.wikipedia.org/wiki/Calcul_distribu%c3%a9	False	0.03325439666650427	19	9
2787.7970007903828	49	Génome	http://fr.wikipedia.org/wiki/G%c3%a9nome	False	0.02297647983983084	5	9
4633.258620435041	49	Simulation informatique	http://fr.wikipedia.org/wiki/Simulation_informatique	False	0.02191464675819053	6	8
4113.351362505633	49	Particule élémentaire	http://fr.wikipedia.org/wiki/Particule_%c3%a9l%c3%a9mentaire	False	0.02565727678357004	1	8
3446.2201570487923	49	Grand collisionneur de hadrons	http://fr.wikipedia.org/wiki/Grand_collisionneur_de_hadrons	False	0.02284209149808555	2	8
4031.9790993829765	50	Feu de forêt	http://fr.wikipedia.org/wiki/Feu_de_for%c3%aat	False	0.01791858183675366	3	5
6365.112302520957	50	Éponymie	http://fr.wikipedia.org/wiki/%c3%89ponymie	False	0.01888944479582311	3	5
2995.723216671587	50	Réseau informatique	http://fr.wikipedia.org/wiki/R%c3%a9seau_informatique	False	0.01660106918036195	24	6
7444.25233137111	50	Bumble Bee	http://fr.wikipedia.org/wiki/Bumble_Bee	False	0.02241899775816115	1	3
6148.85676726638	50	Forêt	http://fr.wikipedia.org/wiki/For%c3%aat	False	0.01735841519363758	7	7
4134.731561683168	50	Licence Creative Commons	http://fr.wikipedia.org/wiki/Licence_Creative_Commons	False	0.0426928723955225	9	4
5317.049383987274	50	Image	http://fr.wikipedia.org/wiki/Image	False	0.01585185700940602	6	5
9345.240305045916	50	Nantes	http://fr.wikipedia.org/wiki/Nantes	False	0.02788675240117175	8	7
1735.6680174058183	51	Algorithme	http://fr.wikipedia.org/wiki/Algorithme	False	0.02841217011899846	11	3
1052.6718992573599	51	Calcul distribué	http://fr.wikipedia.org/wiki/Calcul_distribu%c3%a9	False	0.02977619054667268	19	3
6822.001649131683	51	Wikimedia Commons	http://fr.wikipedia.org/wiki/Wikimedia_Commons	False	0.04392462779492994	5	3
9345.240305045916	51	Nantes	http://fr.wikipedia.org/wiki/Nantes	False	0.04072002156593919	8	3
9345.240305045916	52	Nantes	http://fr.wikipedia.org/wiki/Nantes	False	0.07475673031312344	8	0
9112.730656040763	53	Océan Atlantique	http://fr.wikipedia.org/wiki/Oc%c3%a9an_Atlantique	False	0.02650124883495287	3	2
1052.6718992573599	53	Calcul distribué	http://fr.wikipedia.org/wiki/Calcul_distribu%c3%a9	False	0.03167264164960507	19	2
9345.240305045916	53	Nantes	http://fr.wikipedia.org/wiki/Nantes	False	0.05874721526019199	8	2
4134.731561683168	54	Licence Creative Commons	http://fr.wikipedia.org/wiki/Licence_Creative_Commons	False	0.02948716145639514	9	5
6822.001649131683	54	Wikimedia Commons	http://fr.wikipedia.org/wiki/Wikimedia_Commons	False	0.04130036783827136	5	5
5317.049383987274	54	Image	http://fr.wikipedia.org/wiki/Image	False	0.01344088055006801	6	5
9345.240305045916	54	Nantes	http://fr.wikipedia.org/wiki/Nantes	False	0.0361007601091595	8	5
2929.247721566879	54	Logotype	http://fr.wikipedia.org/wiki/Logotype	False	0.01697103924342709	5	5
9112.730656040763	54	Océan Atlantique	http://fr.wikipedia.org/wiki/Oc%c3%a9an_Atlantique	False	0.01835866174708075	3	5
9345.240305045916	55	Nantes	http://fr.wikipedia.org/wiki/Nantes	False	0.04650485356666879	8	2
6822.001649131683	55	Wikimedia Commons	http://fr.wikipedia.org/wiki/Wikimedia_Commons	False	0.04910198778708112	5	2
3429.8752181035684	55	Réseau social	http://fr.wikipedia.org/wiki/R%c3%a9seau_social	False	0.02815467034207749	6	2
1154.871043381892	56	Client–serveur	http://fr.wikipedia.org/wiki/Client%e2%80%93serveur	False	0.04892702784223699	9	2
9345.240305045916	56	Nantes	http://fr.wikipedia.org/wiki/Nantes	False	0.03675541251837704	8	2
4305.129572350817	56	Web 2.0	http://fr.wikipedia.org/wiki/Web_2%2e0	False	0.04645609578892362	11	3
2354.9036067436436	56	Pair à pair	http://fr.wikipedia.org/wiki/Pair_%c3%a0_pair	False	0.06506355036200828	15	3
2929.247721566879	57	Logotype	http://fr.wikipedia.org/wiki/Logotype	False	0.01358471700609553	5	3
9345.240305045916	57	Nantes	http://fr.wikipedia.org/wiki/Nantes	False	0.03342080373109293	8	3
804.690872883782	57	Diagramme de séquence	http://fr.wikipedia.org/wiki/Diagramme_de_s%c3%a9quence	False	0.04011456716681126	1	0
9112.730656040763	57	Océan Atlantique	http://fr.wikipedia.org/wiki/Oc%c3%a9an_Atlantique	False	0.01861284433893275	3	3
5585.190336832873	57	Acteur	http://fr.wikipedia.org/wiki/Acteur	False	0.01831561751730398	5	3
1882.352168909437	58	Communication	http://fr.wikipedia.org/wiki/Communication	False	0.0163201636110983	17	3
9112.730656040763	58	Océan Atlantique	http://fr.wikipedia.org/wiki/Oc%c3%a9an_Atlantique	False	0.0175149864767501	3	3
6822.001649131683	58	Wikimedia Commons	http://fr.wikipedia.org/wiki/Wikimedia_Commons	False	0.03117413527402708	5	3
9345.240305045916	58	Nantes	http://fr.wikipedia.org/wiki/Nantes	False	0.03379524771110611	8	3
804.690872883782	58	Diagramme de séquence	http://fr.wikipedia.org/wiki/Diagramme_de_s%c3%a9quence	False	0.03753441793068247	1	0
9345.240305045916	59	Nantes	http://fr.wikipedia.org/wiki/Nantes	False	0.07475673031312344	8	0
9345.240305045916	60	Nantes	http://fr.wikipedia.org/wiki/Nantes	False	0.05561515561557956	8	1
91.99612932688073	60	Robustesse	http://fr.wikipedia.org/wiki/Robustesse	True	0.03669420319921206	1	0
1232.1899584360924	60	Autostabilisation	http://fr.wikipedia.org/wiki/Autostabilisation	False	0.05322918863168868	9	1
13596.618604612622	61	Biologie	http://fr.wikipedia.org/wiki/Biologie	False	0.01198356848371815	7	5
9112.730656040763	61	Océan Atlantique	http://fr.wikipedia.org/wiki/Oc%c3%a9an_Atlantique	False	0.01598243199668029	3	5
5585.190336832873	61	Acteur	http://fr.wikipedia.org/wiki/Acteur	False	0.02034262897424122	5	5
4264.8430984304305	61	Superordinateur	http://fr.wikipedia.org/wiki/Superordinateur	False	0.03529447179577486	18	5
3529.418078154289	61	Homo sapiens	http://fr.wikipedia.org/wiki/Homo_sapiens	False	0.01183511308799862	8	5
9345.240305045916	61	Nantes	http://fr.wikipedia.org/wiki/Nantes	False	0.03564764973425683	8	5
1120.9829321123273	62	Synchronisation (multitâches)	http://fr.wikipedia.org/wiki/Synchronisation_(multit%c3%a2ches)	False	0.04392567788814972	4	1
1115.3983784994798	62	Interblocage	http://fr.wikipedia.org/wiki/Interblocage	False	0.05947265126289392	5	1
5585.190336832873	62	Acteur	http://fr.wikipedia.org/wiki/Acteur	False	0.04321949971288536	5	0
1882.352168909437	63	Communication	http://fr.wikipedia.org/wiki/Communication	False	0.01874892908607094	17	5
9345.240305045916	63	Nantes	http://fr.wikipedia.org/wiki/Nantes	False	0.02008453379238856	8	5
6822.001649131683	63	Wikimedia Commons	http://fr.wikipedia.org/wiki/Wikimedia_Commons	False	0.02218912763600708	5	5
4134.731561683168	63	Licence Creative Commons	http://fr.wikipedia.org/wiki/Licence_Creative_Commons	False	0.01855576002502925	9	5
5921.873790526208	63	Messagerie instantanée	http://fr.wikipedia.org/wiki/Messagerie_instantan%c3%a9e	False	0.05036746030662843	10	5
5317.049383987274	63	Image	http://fr.wikipedia.org/wiki/Image	False	0.01728965634233531	6	5
3060.9728747955787	64	Courrier électronique	http://fr.wikipedia.org/wiki/Courrier_%c3%a9lectronique	False	0.02024199706965261	16	5
9345.240305045916	64	Nantes	http://fr.wikipedia.org/wiki/Nantes	False	0.03116852008989386	8	5
91.99612932688073	64	.mail	http://fr.wikipedia.org/wiki/%2email	True	0.01768103561340855	1	0
4134.731561683168	64	Licence Creative Commons	http://fr.wikipedia.org/wiki/Licence_Creative_Commons	False	0.02504017517078407	9	5
1882.352168909437	64	Communication	http://fr.wikipedia.org/wiki/Communication	False	0.01977171380181173	17	5
6822.001649131683	64	Wikimedia Commons	http://fr.wikipedia.org/wiki/Wikimedia_Commons	False	0.03199784366660535	5	5
5317.049383987274	64	Image	http://fr.wikipedia.org/wiki/Image	False	0.01621177391233576	6	5
9345.240305045916	65	Nantes	http://fr.wikipedia.org/wiki/Nantes	False	0.03296505585909335	8	2
4056.9489011197597	65	Creative Commons	http://fr.wikipedia.org/wiki/Creative_Commons	False	0.03220900083123171	8	2
6822.001649131683	65	Wikimedia Commons	http://fr.wikipedia.org/wiki/Wikimedia_Commons	False	0.03506627747992594	5	2
1115.3983784994798	65	Interblocage	http://fr.wikipedia.org/wiki/Interblocage	False	0.03301159890147314	5	0
1115.3983784994798	66	Interblocage	http://fr.wikipedia.org/wiki/Interblocage	False	0.03325409579151932	5	2
4185.67130913663	66	Disque compact	http://fr.wikipedia.org/wiki/Disque_compact	False	0.02763895518668264	8	7
9345.240305045916	66	Nantes	http://fr.wikipedia.org/wiki/Nantes	False	0.03002775640744951	8	5
6313.397499196888	66	Le Monde	http://fr.wikipedia.org/wiki/Le_Monde	False	0.02842403243078817	14	7
7295.216199715175	66	Mannequinat	http://fr.wikipedia.org/wiki/Mannequinat	False	0.01790766747226891	3	6
20201.597931948167	66	1966	http://fr.wikipedia.org/wiki/1966	False	0.01772981918653601	9	6
28394.580291647973	66	Entertainment Television	http://fr.wikipedia.org/wiki/Entertainment_Television	False	0.02999192922301498	2	6
218715.70487695007	66	Saison 2 de Lost : Les Disparus	http://fr.wikipedia.org/wiki/Saison_2_de_Lost_%3a_Les_Disparus	False	0.02133046980980073	2	5
9345.240305045916	67	Nantes	http://fr.wikipedia.org/wiki/Nantes	False	0.02657836913121427	8	5
1735.6680174058183	67	Algorithme	http://fr.wikipedia.org/wiki/Algorithme	False	0.02679925047106632	11	6
1150.6917804349985	67	Bug (informatique)	http://fr.wikipedia.org/wiki/Bug_(informatique)	False	0.0392231241483899	11	6
2224.29660263258	67	Plantage	http://fr.wikipedia.org/wiki/Plantage	False	0.01702842976492003	6	4
2559.9293203463285	67	Ordinateur	http://fr.wikipedia.org/wiki/Ordinateur	False	0.02238415005366329	43	6
1052.6718992573599	67	Calcul distribué	http://fr.wikipedia.org/wiki/Calcul_distribu%c3%a9	False	0.0203764033309494	19	6
6822.001649131683	67	Wikimedia Commons	http://fr.wikipedia.org/wiki/Wikimedia_Commons	False	0.02732765330605514	5	5
9112.730656040763	68	Océan Atlantique	http://fr.wikipedia.org/wiki/Oc%c3%a9an_Atlantique	False	0.01891919828975319	3	5
2520.9295422395394	68	Domaine public (propriété intellectuelle)	http://fr.wikipedia.org/wiki/Domaine_public_(propri%c3%a9t%c3%a9_intellectuelle)	False	0.01510691526320006	6	4
6822.001649131683	68	Wikimedia Commons	http://fr.wikipedia.org/wiki/Wikimedia_Commons	False	0.03510312698965314	5	5
1150.6917804349985	68	Bug (informatique)	http://fr.wikipedia.org/wiki/Bug_(informatique)	False	0.02074341146892798	11	5
19906.21952454835	68	1945	http://fr.wikipedia.org/wiki/1945	False	0.02401630872131848	7	5
9345.240305045916	68	Nantes	http://fr.wikipedia.org/wiki/Nantes	False	0.03524087832364323	8	4
3133.4814227819597	69	Cluster (satellite)	http://fr.wikipedia.org/wiki/Cluster_(satellite)	False	0.03045133687428683	1	4
7503.628440571287	69	Dollar américain	http://fr.wikipedia.org/wiki/Dollar_am%c3%a9ricain	False	0.01808285608485516	11	7
19752.224898135424	69	1969	http://fr.wikipedia.org/wiki/1969	False	0.01686055715972484	7	6
9345.240305045916	69	Nantes	http://fr.wikipedia.org/wiki/Nantes	False	0.0234368199439467	8	6
5861.080715448631	69	National Reconnaissance Office	http://fr.wikipedia.org/wiki/National_Reconnaissance_Office	False	0.0295031544561209	2	7
9112.730656040763	69	Océan Atlantique	http://fr.wikipedia.org/wiki/Oc%c3%a9an_Atlantique	False	0.01918516910819935	3	7
2586.5267634336515	69	Sonde spatiale	http://fr.wikipedia.org/wiki/Sonde_spatiale	False	0.01835093176169031	2	7
6822.001649131683	69	Wikimedia Commons	http://fr.wikipedia.org/wiki/Wikimedia_Commons	False	0.02275234126927762	5	6
9112.730656040763	70	Océan Atlantique	http://fr.wikipedia.org/wiki/Oc%c3%a9an_Atlantique	False	0.04624600384754293	3	1
9345.240305045916	70	Nantes	http://fr.wikipedia.org/wiki/Nantes	False	0.07931082699700155	8	1
4199.199782336817	71	Accéléromètre	http://fr.wikipedia.org/wiki/Acc%c3%a9l%c3%a9rom%c3%a8tre	False	0.02261547415996193	2	6
9345.240305045916	71	Nantes	http://fr.wikipedia.org/wiki/Nantes	False	0.01337868493093081	8	5
2697.7932770945895	71	Pilote automatique	http://fr.wikipedia.org/wiki/Pilote_automatique	False	0.01975884699940877	5	5
1150.6917804349985	71	Bug (informatique)	http://fr.wikipedia.org/wiki/Bug_(informatique)	False	0.0459691013275832	11	6
8334.315985967147	71	Gyroscope	http://fr.wikipedia.org/wiki/Gyroscope	False	0.02285259595521417	2	5
17535.86825796023	71	Silicon Graphics	http://fr.wikipedia.org/wiki/Silicon_Graphics	False	0.03009199965394701	4	3
489.34158696933014	71	Informatique	http://fr.wikipedia.org/wiki/Informatique	False	0.02494285684768208	46	6
2978.5792407963	72	Mondialisation	http://fr.wikipedia.org/wiki/Mondialisation	False	0.01886810541048163	14	6
9345.240305045916	72	Nantes	http://fr.wikipedia.org/wiki/Nantes	False	0.03255737863894873	8	5
18296.292377185484	72	Nombre grammatical	http://fr.wikipedia.org/wiki/Nombre_grammatical	False	0.01613220229507197	2	6
1052.6718992573599	72	Calcul distribué	http://fr.wikipedia.org/wiki/Calcul_distribu%c3%a9	False	0.02710978522811571	19	5
1154.871043381892	72	Client–serveur	http://fr.wikipedia.org/wiki/Client%e2%80%93serveur	False	0.03392845048267668	9	3
9112.730656040763	72	Océan Atlantique	http://fr.wikipedia.org/wiki/Oc%c3%a9an_Atlantique	False	0.01598734537447765	3	5
5585.190336832873	72	Acteur	http://fr.wikipedia.org/wiki/Acteur	False	0.0195482499849513	5	4
5585.190336832873	73	Acteur	http://fr.wikipedia.org/wiki/Acteur	False	0.04681944831186487	5	2
9345.240305045916	73	Nantes	http://fr.wikipedia.org/wiki/Nantes	False	0.0463259139516867	8	2
9112.730656040763	73	Océan Atlantique	http://fr.wikipedia.org/wiki/Oc%c3%a9an_Atlantique	False	0.02059289984070945	3	2
9345.240305045916	74	Nantes	http://fr.wikipedia.org/wiki/Nantes	False	0.08364257268155124	8	0
9345.240305045916	75	Nantes	http://fr.wikipedia.org/wiki/Nantes	False	0.03929956199681649	8	2
9112.730656040763	75	Océan Atlantique	http://fr.wikipedia.org/wiki/Oc%c3%a9an_Atlantique	False	0.01788337684113777	3	2
5585.190336832873	75	Acteur	http://fr.wikipedia.org/wiki/Acteur	False	0.04330329347654235	5	2
489.34158696933014	76	Informatique	http://fr.wikipedia.org/wiki/Informatique	False	0.05448591720592433	46	3
1314.9068875530825	76	Algorithmique répartie	http://fr.wikipedia.org/wiki/Algorithmique_r%c3%a9partie	False	0.05230790130753449	8	3
1052.6718992573599	76	Calcul distribué	http://fr.wikipedia.org/wiki/Calcul_distribu%c3%a9	False	0.04272823503665615	19	3
780.2304502312219	76	Algorithmique	http://fr.wikipedia.org/wiki/Algorithmique	False	0.05339426026216283	10	3
