489.34158696933014	1	Informatique	http://fr.wikipedia.org/wiki/Informatique	False	0.0384660390065769	117	2
5254.649640593466	1	Maître de conférences	http://fr.wikipedia.org/wiki/Ma%c3%aetre_de_conf%c3%a9rences	False	0.04005175682820439	2	2
9391.002501759056	1	Département français	http://fr.wikipedia.org/wiki/D%c3%a9partement_fran%c3%a7ais	False	0.04619817148707522	5	2
6449.014120358498	2	Dictionnaire	http://fr.wikipedia.org/wiki/Dictionnaire	False	0.01964860825435179	9	4
5615.998186945194	2	Français	http://fr.wikipedia.org/wiki/Fran%c3%a7ais	False	0.0171315486163439	30	6
9113.595255676377	2	Anglicisme	http://fr.wikipedia.org/wiki/Anglicisme	False	0.03740053321546775	15	6
1052.6718992573599	2	Calcul distribué	http://fr.wikipedia.org/wiki/Calcul_distribu%c3%a9	False	0.02048866389898447	25	4
3781.410809909343	2	Littérature	http://fr.wikipedia.org/wiki/Litt%c3%a9rature	False	0.01726951364518882	5	5
780.2304502312219	2	Algorithmique	http://fr.wikipedia.org/wiki/Algorithmique	False	0.04781365963774759	18	6
1314.9068875530825	2	Algorithmique répartie	http://fr.wikipedia.org/wiki/Algorithmique_r%c3%a9partie	False	0.02717848401053607	9	5
1052.6718992573599	3	Calcul distribué	http://fr.wikipedia.org/wiki/Calcul_distribu%c3%a9	False	0.01354390208994181	25	3
1735.6680174058183	3	Algorithme	http://fr.wikipedia.org/wiki/Algorithme	False	0.04930932747554627	21	4
35981.73689635319	3	Suite (mathématiques)	http://fr.wikipedia.org/wiki/Suite_(math%c3%a9matiques)	False	0.01285503659110069	5	2
4566.042312965566	3	Ensemble	http://fr.wikipedia.org/wiki/Ensemble	False	0.01818072713819296	12	3
2588.5918034028537	3	Latitude	http://fr.wikipedia.org/wiki/Latitude	False	0.03595357564922588	10	3
29766.20583950507	3	.eh	http://fr.wikipedia.org/wiki/%2eeh	False	0.03009275091090568	1	1
2390.0022751028014	4	Numérique	http://fr.wikipedia.org/wiki/Num%c3%a9rique	False	0.01444743390205713	20	6
489.34158696933014	4	Informatique	http://fr.wikipedia.org/wiki/Informatique	False	0.0153374755153428	117	6
2467.3120310595514	4	Internet	http://fr.wikipedia.org/wiki/Internet	False	0.01814768438204751	66	6
1579.3276914054322	4	Histoire de l'informatique	http://fr.wikipedia.org/wiki/Histoire_de_l%27informatique	False	0.05008380377920354	22	6
3400.6023422529797	4	Histoire	http://fr.wikipedia.org/wiki/Histoire	False	0.01266290107302761	18	6
780.2304502312219	4	Algorithmique	http://fr.wikipedia.org/wiki/Algorithmique	False	0.03479818339093153	18	6
1988.242543135329	4	Mathématiques	http://fr.wikipedia.org/wiki/Math%c3%a9matiques	False	0.01232961765511703	37	6
3306.8149972303136	5	Machine	http://fr.wikipedia.org/wiki/Machine	False	0.03873020062753214	20	2
4250.321986022675	5	Calculatrice mécanique	http://fr.wikipedia.org/wiki/Calculatrice_m%c3%a9canique	False	0.0859010311148453	12	2
2559.9293203463285	5	Ordinateur	http://fr.wikipedia.org/wiki/Ordinateur	False	0.03556303420588392	80	2
1430.3879000236916	6	Calcul (mathématiques)	http://fr.wikipedia.org/wiki/Calcul_(math%c3%a9matiques)	False	0.0239103215353536	19	4
3306.8149972303136	6	Machine	http://fr.wikipedia.org/wiki/Machine	False	0.02675907370074847	20	4
6205.726891126509	6	Papier	http://fr.wikipedia.org/wiki/Papier	False	0.02753512535467158	28	4
7136.627404920122	6	Boulier	http://fr.wikipedia.org/wiki/Boulier	False	0.03730482046107234	8	4
3753.6581934156166	6	Pascaline	http://fr.wikipedia.org/wiki/Pascaline	False	0.04620468038185574	10	4
2838.950815069115	7	Arithmomètre	http://fr.wikipedia.org/wiki/Arithmom%c3%a8tre	False	0.09115023248982125	6	0
4250.321986022675	8	Calculatrice mécanique	http://fr.wikipedia.org/wiki/Calculatrice_m%c3%a9canique	False	0.05778166595148682	12	4
37617.145356014014	8	Pi	http://fr.wikipedia.org/wiki/Pi	False	0.02127732355171275	21	4
1430.3879000236916	8	Calcul (mathématiques)	http://fr.wikipedia.org/wiki/Calcul_(math%c3%a9matiques)	False	0.01744474103885354	19	4
2559.9293203463285	8	Ordinateur	http://fr.wikipedia.org/wiki/Ordinateur	False	0.02679330795466187	80	4
3107.320811474938	8	Humanité	http://fr.wikipedia.org/wiki/Humanit%c3%a9	False	0.01364669155041292	25	4
3413.9731748021895	9	Téléphone	http://fr.wikipedia.org/wiki/T%c3%a9l%c3%a9phone	False	0.05239921539123196	22	1
1592.9345560906809	9	Prototype	http://fr.wikipedia.org/wiki/Prototype	False	0.03498037393626108	3	1
6101.695126457755	10	Télégraphe	http://fr.wikipedia.org/wiki/T%c3%a9l%c3%a9graphe	False	0.02898260901499023	10	7
4250.321986022675	10	Calculatrice mécanique	http://fr.wikipedia.org/wiki/Calculatrice_m%c3%a9canique	False	0.02385531080231899	12	6
2559.9293203463285	10	Ordinateur	http://fr.wikipedia.org/wiki/Ordinateur	False	0.02070537652231272	80	7
1578.7783461708568	10	Environnement	http://fr.wikipedia.org/wiki/Environnement	False	0.01172964084308791	37	7
489.34158696933014	10	Informatique	http://fr.wikipedia.org/wiki/Informatique	False	0.01721448194423417	117	7
4906.085319303826	10	Wi-Fi	http://fr.wikipedia.org/wiki/Wi-Fi	False	0.02076534914818491	21	7
8591.213084717616	10	Années 1990	http://fr.wikipedia.org/wiki/Ann%c3%a9es_1990	False	0.01236223919591083	36	7
5132.830569815147	10	Télégraphie sans fil	http://fr.wikipedia.org/wiki/T%c3%a9l%c3%a9graphie_sans_fil	False	0.02407282483316045	5	6
8231.815594177126	11	Calculatrice	http://fr.wikipedia.org/wiki/Calculatrice	False	0.009058464781828967	15	8
2272.543372879658	11	Brevet	http://fr.wikipedia.org/wiki/Brevet	False	0.009045063981918938	19	8
3746.8965577419312	11	Fonction logique	http://fr.wikipedia.org/wiki/Fonction_logique	False	0.0174554089368534	8	8
5601.602586280388	11	Silicium	http://fr.wikipedia.org/wiki/Silicium	False	0.01548261485241389	8	8
3306.958842838766	11	Téléphone mobile	http://fr.wikipedia.org/wiki/T%c3%a9l%c3%a9phone_mobile	False	0.009584100868575487	19	8
4108.322957730531	11	Transistor	http://fr.wikipedia.org/wiki/Transistor	False	0.04570155633386336	18	8
3327.2516335284367	11	Circuit intégré	http://fr.wikipedia.org/wiki/Circuit_int%c3%a9gr%c3%a9	False	0.008717037418651484	21	8
1984.9007427633676	11	Électronique	http://fr.wikipedia.org/wiki/%c3%89lectronique	False	0.01005954982347111	44	8
2559.9293203463285	11	Ordinateur	http://fr.wikipedia.org/wiki/Ordinateur	False	0.01417469308417915	80	8
5451.240319645454	12	Mètre	http://fr.wikipedia.org/wiki/M%c3%a8tre	False	0.02653896846539725	16	4
9875.434638531617	12	Mètre carré	http://fr.wikipedia.org/wiki/M%c3%a8tre_carr%c3%a9	False	0.02828345262128515	5	4
5457.655568925719	12	États-Unis	http://fr.wikipedia.org/wiki/%c3%89tats-Unis	False	0.0435554618213063	98	4
4108.322957730531	12	Transistor	http://fr.wikipedia.org/wiki/Transistor	False	0.05717830216236196	18	4
10083.761885521395	12	Années 1960	http://fr.wikipedia.org/wiki/Ann%c3%a9es_1960	False	0.02651011801495667	37	4
7311.263109179894	13	Guerre du Viêt Nam	http://fr.wikipedia.org/wiki/Guerre_du_Vi%c3%aat_Nam	False	0.01399546515812194	13	6
16096.555370590633	13	Noël	http://fr.wikipedia.org/wiki/No%c3%abl	False	0.01334860523581545	10	6
3315.5200185640106	13	Guerre	http://fr.wikipedia.org/wiki/Guerre	False	0.01361990877761849	12	6
7505.414431358425	13	Steamboat Willie	http://fr.wikipedia.org/wiki/Steamboat_Willie	False	0.03487498031132544	3	6
5457.655568925719	13	États-Unis	http://fr.wikipedia.org/wiki/%c3%89tats-Unis	False	0.04532570924956805	98	6
3523.8175453011777	13	Presse écrite	http://fr.wikipedia.org/wiki/Presse_%c3%a9crite	False	0.01291381685046883	9	6
6205.726891126509	13	Papier	http://fr.wikipedia.org/wiki/Papier	False	0.01636609155482849	28	6
1157.9927174616394	14	Interface graphique	http://fr.wikipedia.org/wiki/Interface_graphique	False	0.02374024198209081	14	9
4196.884410232532	14	Imprimante	http://fr.wikipedia.org/wiki/Imprimante	False	0.03219383428078085	22	9
17293.501711454966	14	Années 2000	http://fr.wikipedia.org/wiki/Ann%c3%a9es_2000	False	0.009535871815784773	33	9
8118.809130589034	14	Carte perforée	http://fr.wikipedia.org/wiki/Carte_perfor%c3%a9e	False	0.009371422569311274	16	9
2068.282273055201	14	Loi de Moore	http://fr.wikipedia.org/wiki/Loi_de_Moore	False	0.009168652047633131	20	9
2920.1218545372635	14	Ruban perforé	http://fr.wikipedia.org/wiki/Ruban_perfor%c3%a9	False	0.01910839020977373	10	9
8227.090704630155	14	Pile électrique	http://fr.wikipedia.org/wiki/Pile_%c3%a9lectrique	False	0.008900339930224646	6	9
3236.1708607103046	14	Intelligence artificielle	http://fr.wikipedia.org/wiki/Intelligence_artificielle	False	0.009845667169614825	44	9
4522.490241648864	14	Clavier d'ordinateur	http://fr.wikipedia.org/wiki/Clavier_d%27ordinateur	False	0.01220357804104462	16	9
2559.9293203463285	14	Ordinateur	http://fr.wikipedia.org/wiki/Ordinateur	False	0.02150732366318989	80	9
3236.1708607103046	15	Intelligence artificielle	http://fr.wikipedia.org/wiki/Intelligence_artificielle	False	0.01168350571912265	44	10
1984.9007427633676	15	Électronique	http://fr.wikipedia.org/wiki/%c3%89lectronique	False	0.01380537333044239	44	10
2559.9293203463285	15	Ordinateur	http://fr.wikipedia.org/wiki/Ordinateur	False	0.02016439431908363	80	10
10083.761885521395	15	Années 1960	http://fr.wikipedia.org/wiki/Ann%c3%a9es_1960	False	0.01094707326971777	37	10
5739.6922612435155	15	Mini-ordinateur	http://fr.wikipedia.org/wiki/Mini-ordinateur	False	0.02336417908884953	11	10
1882.352168909437	15	Communication	http://fr.wikipedia.org/wiki/Communication	False	0.009056802946942048	37	10
4913.956124056507	15	Machine à écrire	http://fr.wikipedia.org/wiki/Machine_%c3%a0_%c3%a9crire	False	0.01814504481398081	12	10
1997.486431776288	15	Information	http://fr.wikipedia.org/wiki/Information	False	0.01202227142608374	34	10
2806.419981269177	15	Connaissance	http://fr.wikipedia.org/wiki/Connaissance	False	0.008897126438194368	17	10
2231.656387252589	15	Oscilloscope	http://fr.wikipedia.org/wiki/Oscilloscope	False	0.02874518200497841	12	10
7447.818661419361	15	Écran d'ordinateur	http://fr.wikipedia.org/wiki/%c3%89cran_d%27ordinateur	False	0.01096371866443656	11	10
1150.6917804349985	16	Bug (informatique)	http://fr.wikipedia.org/wiki/Bug_(informatique)	False	0.01225816884762883	22	5
2559.9293203463285	16	Ordinateur	http://fr.wikipedia.org/wiki/Ordinateur	False	0.02762845698220108	80	5
4252.506159283482	16	Octet	http://fr.wikipedia.org/wiki/Octet	False	0.04183149454236045	36	5
1997.486431776288	16	Information	http://fr.wikipedia.org/wiki/Information	False	0.01213912715746651	34	5
642.779441747319	16	Interface utilisateur	http://fr.wikipedia.org/wiki/Interface_utilisateur	False	0.01592851071447321	5	5
874.7183035504261	16	Logiciel	http://fr.wikipedia.org/wiki/Logiciel	False	0.01340016449560544	40	5
8816.09641365017	17	Ordinateur personnel	http://fr.wikipedia.org/wiki/Ordinateur_personnel	False	0.02550602705105394	31	9
4252.506159283482	17	Octet	http://fr.wikipedia.org/wiki/Octet	False	0.02456331180713767	36	9
13596.618604612622	17	Biologie	http://fr.wikipedia.org/wiki/Biologie	False	0.01489491753633594	20	9
37617.145356014014	17	Pi	http://fr.wikipedia.org/wiki/Pi	False	0.01473833899176462	21	9
3327.2516335284367	17	Circuit intégré	http://fr.wikipedia.org/wiki/Circuit_int%c3%a9gr%c3%a9	False	0.01542985057640038	21	9
5601.602586280388	17	Silicium	http://fr.wikipedia.org/wiki/Silicium	False	0.02994277635347372	8	9
1023.3830747831581	17	Processeur	http://fr.wikipedia.org/wiki/Processeur	False	0.01866410629959429	34	9
8219.712843536772	17	Technique	http://fr.wikipedia.org/wiki/Technique	False	0.01315835199896872	37	9
4108.322957730531	17	Transistor	http://fr.wikipedia.org/wiki/Transistor	False	0.02728549744412073	18	9
2285.610671165777	17	Entreprise	http://fr.wikipedia.org/wiki/Entreprise	False	0.01420000724657963	30	9
6076.022716695896	18	Télévision	http://fr.wikipedia.org/wiki/T%c3%a9l%c3%a9vision	False	0.01764613450225349	21	6
13663.076342803337	18	Alphabet phonétique international	http://fr.wikipedia.org/wiki/Alphabet_phon%c3%a9tique_international	False	0.01011692296134556	8	6
2285.610671165777	18	Entreprise	http://fr.wikipedia.org/wiki/Entreprise	False	0.009738456295036065	30	6
2559.9293203463285	18	Ordinateur	http://fr.wikipedia.org/wiki/Ordinateur	False	0.03376500696434899	80	5
874.7183035504261	18	Logiciel	http://fr.wikipedia.org/wiki/Logiciel	False	0.00800601239895371	40	5
2744.5862279929934	18	Ordinateur portable	http://fr.wikipedia.org/wiki/Ordinateur_portable	False	0.02112307188389044	22	5
29766.20583950507	18	.eh	http://fr.wikipedia.org/wiki/%2eeh	False	0.02231887517266719	1	3
2559.9293203463285	19	Ordinateur	http://fr.wikipedia.org/wiki/Ordinateur	False	0.07515681956495025	80	0
3595.1976414048067	20	Macintosh	http://fr.wikipedia.org/wiki/Macintosh	False	0.009049906741933723	27	13
4945.5280051926875	20	Microsoft	http://fr.wikipedia.org/wiki/Microsoft	False	0.009663886745604651	52	13
2417.323823372976	20	Version d'un logiciel	http://fr.wikipedia.org/wiki/Version_d%27un_logiciel	False	0.007280811468947217	8	13
4522.490241648864	20	Clavier d'ordinateur	http://fr.wikipedia.org/wiki/Clavier_d%27ordinateur	False	0.01375590629992417	16	13
2196.134443458827	20	Souris (informatique)	http://fr.wikipedia.org/wiki/Souris_(informatique)	False	0.02481311075806717	23	13
846.3494338134137	20	Système d'exploitation	http://fr.wikipedia.org/wiki/Syst%c3%a8me_d%27exploitation	False	0.008787444684030409	47	13
2559.9293203463285	20	Ordinateur	http://fr.wikipedia.org/wiki/Ordinateur	False	0.01796243051935651	80	14
1552.2783599054374	20	Lecteur de disquette	http://fr.wikipedia.org/wiki/Lecteur_de_disquette	False	0.01015259012694315	10	11
6919.539606618651	20	Diable	http://fr.wikipedia.org/wiki/Diable	False	0.007089335230776517	1	9
4307.041134908209	20	Microsoft Windows	http://fr.wikipedia.org/wiki/Microsoft_Windows	False	0.01027055494529355	30	13
11750.201788217593	20	Os	http://fr.wikipedia.org/wiki/Os	False	0.007367554500939164	4	9
5234.825827878309	20	Apple	http://fr.wikipedia.org/wiki/Apple	False	0.009710887844223427	42	13
31993.39804587159	20	Parsec	http://fr.wikipedia.org/wiki/Parsec	False	0.01256365598868353	7	8
8219.712843536772	20	Technique	http://fr.wikipedia.org/wiki/Technique	False	0.009136796562734398	37	14
4162.53280548697	20	Disquette	http://fr.wikipedia.org/wiki/Disquette	False	0.01863880509947916	27	13
5138.570334403818	21	Design	http://fr.wikipedia.org/wiki/Design	False	0.008303602166483891	11	12
3236.1708607103046	21	Intelligence artificielle	http://fr.wikipedia.org/wiki/Intelligence_artificielle	False	0.00791828744372063	44	12
1157.9927174616394	21	Interface graphique	http://fr.wikipedia.org/wiki/Interface_graphique	False	0.01855024595941012	14	11
5601.602586280388	21	Silicium	http://fr.wikipedia.org/wiki/Silicium	False	0.02011737974888061	8	11
3327.2516335284367	21	Circuit intégré	http://fr.wikipedia.org/wiki/Circuit_int%c3%a9gr%c3%a9	False	0.008465384714372802	21	12
2559.9293203463285	21	Ordinateur	http://fr.wikipedia.org/wiki/Ordinateur	False	0.02415510739179823	80	12
10169.719128071938	21	Matière plastique	http://fr.wikipedia.org/wiki/Mati%c3%a8re_plastique	False	0.00896562746856453	25	12
13176.152422450168	21	Physique	http://fr.wikipedia.org/wiki/Physique	False	0.009261989125898434	36	12
4108.322957730531	21	Transistor	http://fr.wikipedia.org/wiki/Transistor	False	0.01843092781717225	18	12
37617.145356014014	21	Pi	http://fr.wikipedia.org/wiki/Pi	False	0.009303119530684103	21	12
8591.213084717616	21	Années 1990	http://fr.wikipedia.org/wiki/Ann%c3%a9es_1990	False	0.01235987106993607	36	12
2196.134443458827	21	Souris (informatique)	http://fr.wikipedia.org/wiki/Souris_(informatique)	False	0.01201431204770661	23	12
5234.825827878309	21	Apple	http://fr.wikipedia.org/wiki/Apple	False	0.007211440102885004	42	12
2559.9293203463285	22	Ordinateur	http://fr.wikipedia.org/wiki/Ordinateur	False	0.01090097274783213	80	15
1430.3879000236916	22	Calcul (mathématiques)	http://fr.wikipedia.org/wiki/Calcul_(math%c3%a9matiques)	False	0.007925166030172324	19	14
18485.009415525037	22	Péta	http://fr.wikipedia.org/wiki/P%c3%a9ta	False	0.01129850703274394	7	13
13170.817477610846	22	Virgule	http://fr.wikipedia.org/wiki/Virgule	False	0.0086530346142442	1	12
3746.8965577419312	22	Fonction logique	http://fr.wikipedia.org/wiki/Fonction_logique	False	0.01154687509531496	8	14
15125.5205067392	22	Arithmétique	http://fr.wikipedia.org/wiki/Arithm%c3%a9tique	False	0.01174878994025493	14	15
12826.32068580739	22	Mantisse	http://fr.wikipedia.org/wiki/Mantisse	False	0.0111359159575067	6	14
4148.007457872304	22	Bit de poids faible	http://fr.wikipedia.org/wiki/Bit_de_poids_faible	False	0.008055416562805841	3	12
3326.3904038279115	22	Entier relatif	http://fr.wikipedia.org/wiki/Entier_relatif	False	0.01071582918076121	12	15
8324.370479353418	22	Multiplication	http://fr.wikipedia.org/wiki/Multiplication	False	0.007958875583388625	10	13
5285.026867095028	22	Système international d'unités	http://fr.wikipedia.org/wiki/Syst%c3%a8me_international_d%27unit%c3%a9s	False	0.01363370568361558	22	15
6594.997189039088	22	FLOPS	http://fr.wikipedia.org/wiki/FLOPS	False	0.02824934589555005	15	14
4790.108721834127	22	Virgule flottante	http://fr.wikipedia.org/wiki/Virgule_flottante	False	0.02057978477394307	10	15
4397.05457462749	22	Nombre	http://fr.wikipedia.org/wiki/Nombre	False	0.009985716418258277	19	15
1782.4437413711835	22	Bit	http://fr.wikipedia.org/wiki/Bit	False	0.01096397181755289	27	15
8691.791146087038	22	Système binaire	http://fr.wikipedia.org/wiki/Syst%c3%a8me_binaire	False	0.01231361949080145	16	15
5677.954464430084	23	Mémoire vive	http://fr.wikipedia.org/wiki/M%c3%a9moire_vive	False	0.01054062532836955	26	8
3236.1708607103046	23	Intelligence artificielle	http://fr.wikipedia.org/wiki/Intelligence_artificielle	False	0.01104605986203007	44	8
6594.997189039088	23	FLOPS	http://fr.wikipedia.org/wiki/FLOPS	False	0.01985075601176206	15	8
1194.06025939431	23	Parallélisme (informatique)	http://fr.wikipedia.org/wiki/Parall%c3%a9lisme_(informatique)	False	0.02937686907780923	23	8
4205.812097637061	23	Carte mère	http://fr.wikipedia.org/wiki/Carte_m%c3%a8re	False	0.02012766374416863	23	8
2559.9293203463285	23	Ordinateur	http://fr.wikipedia.org/wiki/Ordinateur	False	0.02267271946086137	80	8
1023.3830747831581	23	Processeur	http://fr.wikipedia.org/wiki/Processeur	False	0.02205361298832567	34	8
1430.3879000236916	23	Calcul (mathématiques)	http://fr.wikipedia.org/wiki/Calcul_(math%c3%a9matiques)	False	0.01058321973211758	19	8
4264.8430984304305	23	Superordinateur	http://fr.wikipedia.org/wiki/Superordinateur	False	0.01093141046083112	26	8
8420.693552720604	24	Années 2000	http://fr.wikipedia.org/wiki/Ann%c3%a9es_2000	False	0.008128944274553067	33	10
2559.9293203463285	24	Ordinateur	http://fr.wikipedia.org/wiki/Ordinateur	False	0.03657031021372249	80	10
2285.610671165777	24	Entreprise	http://fr.wikipedia.org/wiki/Entreprise	False	0.00784281564993496	30	10
13176.152422450168	24	Physique	http://fr.wikipedia.org/wiki/Physique	False	0.009228486790758585	36	11
4212.332778405637	24	Temps	http://fr.wikipedia.org/wiki/Temps	False	0.008508655116935177	24	11
30359.356615558514	24	Loi exponentielle	http://fr.wikipedia.org/wiki/Loi_exponentielle	False	0.01679018116385035	1	4
3495.8885191373365	24	Monnaie	http://fr.wikipedia.org/wiki/Monnaie	False	0.007242458676782471	10	10
8591.213084717616	24	Années 1990	http://fr.wikipedia.org/wiki/Ann%c3%a9es_1990	False	0.009657996068016384	36	10
8816.09641365017	24	Ordinateur personnel	http://fr.wikipedia.org/wiki/Ordinateur_personnel	False	0.02549658594883424	31	10
2744.5862279929934	24	Ordinateur portable	http://fr.wikipedia.org/wiki/Ordinateur_portable	False	0.01165486315856584	22	9
6594.997189039088	24	FLOPS	http://fr.wikipedia.org/wiki/FLOPS	False	0.01358089662033068	15	10
5027.453822025277	24	Or	http://fr.wikipedia.org/wiki/Or	False	0.009039491672543401	16	11
6594.997189039088	25	FLOPS	http://fr.wikipedia.org/wiki/FLOPS	False	0.1177207699740285	15	0
6795.183846547909	26	Japon	http://fr.wikipedia.org/wiki/Japon	False	0.02986149838178837	40	3
4319.881029601231	26	Chine	http://fr.wikipedia.org/wiki/Chine	False	0.03058152347571289	49	3
29766.20583950507	26	.eh	http://fr.wikipedia.org/wiki/%2eeh	False	0.028928252421816	1	2
2559.9293203463285	26	Ordinateur	http://fr.wikipedia.org/wiki/Ordinateur	False	0.01584204919453296	80	2
6448.492392588122	27	Croissance exponentielle	http://fr.wikipedia.org/wiki/Croissance_exponentielle	False	0.02265820044389272	8	5
13176.152422450168	27	Physique	http://fr.wikipedia.org/wiki/Physique	False	0.01417773289881742	36	6
5570.6461809814655	27	Croissance économique	http://fr.wikipedia.org/wiki/Croissance_%c3%a9conomique	False	0.01233099722253503	19	6
1430.3879000236916	27	Calcul (mathématiques)	http://fr.wikipedia.org/wiki/Calcul_(math%c3%a9matiques)	False	0.01212272774459034	19	6
2559.9293203463285	27	Ordinateur	http://fr.wikipedia.org/wiki/Ordinateur	False	0.02706568474823892	80	6
489.34158696933014	27	Informatique	http://fr.wikipedia.org/wiki/Informatique	False	0.01582341926746099	117	6
6101.695126457755	27	Télégraphe	http://fr.wikipedia.org/wiki/T%c3%a9l%c3%a9graphe	False	0.03983169283241191	10	5
1882.352168909437	28	Communication	http://fr.wikipedia.org/wiki/Communication	False	0.06008133875200949	37	2
8591.213084717616	28	Années 1990	http://fr.wikipedia.org/wiki/Ann%c3%a9es_1990	False	0.05030451157754123	36	2
2467.3120310595514	28	Internet	http://fr.wikipedia.org/wiki/Internet	False	0.06186277273129805	66	2
3057.7333782252367	29	Mémoire de masse	http://fr.wikipedia.org/wiki/M%c3%a9moire_de_masse	False	0.006693397043172743	14	1
4617.186946175537	29	ARPANET	http://fr.wikipedia.org/wiki/ARPANET	False	0.05484150555556336	10	1
13176.152422450168	30	Physique	http://fr.wikipedia.org/wiki/Physique	False	0.005203315076737733	36	20
6795.183846547909	30	Japon	http://fr.wikipedia.org/wiki/Japon	False	0.005770231981777775	40	20
5978.845426677301	30	Réfrigérateur	http://fr.wikipedia.org/wiki/R%c3%a9frig%c3%a9rateur	False	0.004955454733816093	5	17
2285.610671165777	30	Entreprise	http://fr.wikipedia.org/wiki/Entreprise	False	0.005851535091187533	30	19
3576.1486480284643	30	Population mondiale	http://fr.wikipedia.org/wiki/Population_mondiale	False	0.005775455474757784	6	17
13170.817477610846	30	Virgule	http://fr.wikipedia.org/wiki/Virgule	False	0.005700245910687094	1	12
2467.3120310595514	30	Internet	http://fr.wikipedia.org/wiki/Internet	False	0.01591322240773187	66	19
17361.785611504376	30	Jambon	http://fr.wikipedia.org/wiki/Jambon	False	0.01306861701919755	2	16
4057.477125304693	30	Web des objets	http://fr.wikipedia.org/wiki/Web_des_objets	False	0.005680015951238371	20	15
5085.543035446157	30	Tablette tactile	http://fr.wikipedia.org/wiki/Tablette_tactile	False	0.0057581662680607	28	17
7122.910047743253	30	Europe	http://fr.wikipedia.org/wiki/Europe	False	0.006891054983414949	58	20
2525.2680425069366	30	Sous-développement	http://fr.wikipedia.org/wiki/Sous-d%c3%a9veloppement	False	0.006609262575066908	3	15
2451.7094049581765	30	Statistique	http://fr.wikipedia.org/wiki/Statistique	False	0.005716095102084623	23	20
2559.9293203463285	30	Ordinateur	http://fr.wikipedia.org/wiki/Ordinateur	False	0.01903756681578253	80	20
2665.2581187434166	30	Pays développé	http://fr.wikipedia.org/wiki/Pays_d%c3%a9velopp%c3%a9	False	0.007914608454223905	9	17
20401.59439441512	30	Fonction exponentielle	http://fr.wikipedia.org/wiki/Fonction_exponentielle	False	0.004652751973927547	7	6
3008.236402520904	30	Marché	http://fr.wikipedia.org/wiki/March%c3%a9	False	0.005741816604173812	12	18
8420.693552720604	30	Années 2000	http://fr.wikipedia.org/wiki/Ann%c3%a9es_2000	False	0.005508401093822817	33	19
4397.05457462749	30	Nombre	http://fr.wikipedia.org/wiki/Nombre	False	0.00493954030536465	19	16
3306.958842838766	30	Téléphone mobile	http://fr.wikipedia.org/wiki/T%c3%a9l%c3%a9phone_mobile	False	0.008141169878452953	19	18
4411.474450068911	30	Chômage	http://fr.wikipedia.org/wiki/Ch%c3%b4mage	False	0.004944940759641394	10	19
2559.9293203463285	31	Ordinateur	http://fr.wikipedia.org/wiki/Ordinateur	False	0.0540343227993806	80	5
1430.3879000236916	31	Calcul (mathématiques)	http://fr.wikipedia.org/wiki/Calcul_(math%c3%a9matiques)	False	0.01736019518560531	19	5
2690.619700761772	31	Multiprocesseur	http://fr.wikipedia.org/wiki/Multiprocesseur	False	0.02962438128743292	7	4
799.9618511235639	31	Grappe de serveurs	http://fr.wikipedia.org/wiki/Grappe_de_serveurs	False	0.01417157041164684	15	5
3403.4655162573063	31	Galaxie	http://fr.wikipedia.org/wiki/Galaxie	False	0.03257427738938869	15	4
1882.352168909437	31	Communication	http://fr.wikipedia.org/wiki/Communication	False	0.01402181989001526	37	5
4264.8430984304305	32	Superordinateur	http://fr.wikipedia.org/wiki/Superordinateur	False	0.06068965948001089	26	2
1023.3830747831581	32	Processeur	http://fr.wikipedia.org/wiki/Processeur	False	0.009110898430006337	34	2
2559.9293203463285	32	Ordinateur	http://fr.wikipedia.org/wiki/Ordinateur	False	0.01641587055622863	80	2
1052.6718992573599	33	Calcul distribué	http://fr.wikipedia.org/wiki/Calcul_distribu%c3%a9	False	0.02620115155645117	25	9
2690.619700761772	33	Multiprocesseur	http://fr.wikipedia.org/wiki/Multiprocesseur	False	0.01038010622889443	7	9
2467.3120310595514	33	Internet	http://fr.wikipedia.org/wiki/Internet	False	0.01019152612194767	66	9
8816.09641365017	33	Ordinateur personnel	http://fr.wikipedia.org/wiki/Ordinateur_personnel	False	0.00908300807613425	31	9
799.9618511235639	33	Grappe de serveurs	http://fr.wikipedia.org/wiki/Grappe_de_serveurs	False	0.01687144489874351	15	9
1194.06025939431	33	Parallélisme (informatique)	http://fr.wikipedia.org/wiki/Parall%c3%a9lisme_(informatique)	False	0.01384243777992993	23	9
2559.9293203463285	33	Ordinateur	http://fr.wikipedia.org/wiki/Ordinateur	False	0.02146159882675623	80	9
3236.1708607103046	33	Intelligence artificielle	http://fr.wikipedia.org/wiki/Intelligence_artificielle	False	0.008371420085033316	44	9
4264.8430984304305	33	Superordinateur	http://fr.wikipedia.org/wiki/Superordinateur	False	0.02261381590027919	26	9
1023.3830747831581	33	Processeur	http://fr.wikipedia.org/wiki/Processeur	False	0.01141071307675647	34	9
3103.047760261933	34	Google	http://fr.wikipedia.org/wiki/Google	False	0.009171222310504547	42	14
8615.677420520076	34	Prise électrique	http://fr.wikipedia.org/wiki/Prise_%c3%a9lectrique	False	0.005631323322584454	5	13
9554.301733140379	34	Sèche-cheveux	http://fr.wikipedia.org/wiki/S%c3%a8che-cheveux	False	0.005632311991230826	4	8
1032.132957914254	34	Serveur informatique	http://fr.wikipedia.org/wiki/Serveur_informatique	False	0.007053885861908514	43	12
489.34158696933014	34	Informatique	http://fr.wikipedia.org/wiki/Informatique	False	0.008026210020256533	117	13
2467.3120310595514	34	Internet	http://fr.wikipedia.org/wiki/Internet	False	0.01518441247952925	66	14
3236.1708607103046	34	Intelligence artificielle	http://fr.wikipedia.org/wiki/Intelligence_artificielle	False	0.005831234182419889	44	13
2995.723216671587	34	Réseau informatique	http://fr.wikipedia.org/wiki/R%c3%a9seau_informatique	False	0.01017102206340666	38	13
13132.917682944873	34	.je	http://fr.wikipedia.org/wiki/%2eje	False	0.0098271247219622	1	3
6846.7697017890805	34	Énergie	http://fr.wikipedia.org/wiki/%c3%89nergie	False	0.0067156925697792	18	13
6833.973481194801	34	Électricité	http://fr.wikipedia.org/wiki/%c3%89lectricit%c3%a9	False	0.006236763962586792	36	13
1321.6671993759344	34	Cloud computing	http://fr.wikipedia.org/wiki/Cloud_computing	False	0.02652338224142594	25	11
3087.931731035863	34	Gmail	http://fr.wikipedia.org/wiki/Gmail	False	0.01282477718176512	16	12
29766.20583950507	34	.eh	http://fr.wikipedia.org/wiki/%2eeh	False	0.02641299093945921	1	3
2559.9293203463285	34	Ordinateur	http://fr.wikipedia.org/wiki/Ordinateur	False	0.01139091798550737	80	13
874.7183035504261	34	Logiciel	http://fr.wikipedia.org/wiki/Logiciel	False	0.006868922573261522	40	12
1579.3276914054322	35	Histoire de l'informatique	http://fr.wikipedia.org/wiki/Histoire_de_l%27informatique	False	0.06421327428297298	22	1
1052.6718992573599	35	Calcul distribué	http://fr.wikipedia.org/wiki/Calcul_distribu%c3%a9	False	0.07247408389206321	25	1
2559.9293203463285	36	Ordinateur	http://fr.wikipedia.org/wiki/Ordinateur	False	0.01876051585110624	80	10
2166.989512343761	36	Informaticien	http://fr.wikipedia.org/wiki/Informaticien	False	0.02314639618549016	9	10
2100.1885511862865	36	Système embarqué	http://fr.wikipedia.org/wiki/Syst%c3%a8me_embarqu%c3%a9	False	0.00865289516217799	18	10
489.34158696933014	36	Informatique	http://fr.wikipedia.org/wiki/Informatique	False	0.0211454652222072	117	10
2719.565104075531	36	Mémoire vive	http://fr.wikipedia.org/wiki/M%c3%a9moire_vive	False	0.007946013267577538	26	9
2995.723216671587	36	Réseau informatique	http://fr.wikipedia.org/wiki/R%c3%a9seau_informatique	False	0.009070400457613514	38	10
13176.152422450168	36	Physique	http://fr.wikipedia.org/wiki/Physique	False	0.008370202040418972	36	10
3108.5831524038485	36	Droit	http://fr.wikipedia.org/wiki/Droit	False	0.008433879424791728	16	8
1052.6718992573599	36	Calcul distribué	http://fr.wikipedia.org/wiki/Calcul_distribu%c3%a9	False	0.01830768781436337	25	9
1430.3879000236916	36	Calcul (mathématiques)	http://fr.wikipedia.org/wiki/Calcul_(math%c3%a9matiques)	False	0.008526003895476109	19	10
1882.352168909437	36	Communication	http://fr.wikipedia.org/wiki/Communication	False	0.01015487203468594	37	10
2559.9293203463285	37	Ordinateur	http://fr.wikipedia.org/wiki/Ordinateur	False	0.01410511335355645	80	6
7464.82666393167	37	LaTeX	http://fr.wikipedia.org/wiki/LaTeX	False	0.04976187723711204	3	6
1735.6680174058183	37	Algorithme	http://fr.wikipedia.org/wiki/Algorithme	False	0.01288218973118869	21	6
1052.6718992573599	37	Calcul distribué	http://fr.wikipedia.org/wiki/Calcul_distribu%c3%a9	False	0.01405545369356099	25	6
874.7183035504261	37	Logiciel	http://fr.wikipedia.org/wiki/Logiciel	False	0.009502113770605	40	6
4082.717231671333	37	Sémantique	http://fr.wikipedia.org/wiki/S%c3%a9mantique	False	0.01105408847448124	11	6
1032.132957914254	37	Serveur informatique	http://fr.wikipedia.org/wiki/Serveur_informatique	False	0.008983747630314187	43	6
1150.6917804349985	38	Bug (informatique)	http://fr.wikipedia.org/wiki/Bug_(informatique)	False	0.0230548600969994	22	5
1052.6718992573599	38	Calcul distribué	http://fr.wikipedia.org/wiki/Calcul_distribu%c3%a9	False	0.03472860431375058	25	5
2559.9293203463285	38	Ordinateur	http://fr.wikipedia.org/wiki/Ordinateur	False	0.02116330632786892	80	6
4057.031603404326	38	En passant (échecs)	http://fr.wikipedia.org/wiki/En_passant_(%c3%a9checs)	False	0.01587487644551884	1	2
2829.8976170326687	38	Langage	http://fr.wikipedia.org/wiki/Langage	False	0.01062505067357168	11	4
1735.6680174058183	38	Algorithme	http://fr.wikipedia.org/wiki/Algorithme	False	0.01990900643385511	21	6
1219.5258216506782	38	Tolérance aux pannes	http://fr.wikipedia.org/wiki/Tol%c3%a9rance_aux_pannes	False	0.01380390305481462	5	4
6643.02236847177	39	Carafe	http://fr.wikipedia.org/wiki/Carafe	False	0.02907102014818725	1	1
1052.6718992573599	39	Calcul distribué	http://fr.wikipedia.org/wiki/Calcul_distribu%c3%a9	False	0.0820819420783087	25	1
8420.693552720604	39	Années 2000	http://fr.wikipedia.org/wiki/Ann%c3%a9es_2000	False	0.02759916688258569	33	2
2719.565104075531	41	Mémoire vive	http://fr.wikipedia.org/wiki/M%c3%a9moire_vive	False	0.01149759479734642	26	8
1925.4227690549417	41	Téléphonie fixe	http://fr.wikipedia.org/wiki/T%c3%a9l%c3%a9phonie_fixe	False	0.01644064534999173	5	8
1052.6718992573599	41	Calcul distribué	http://fr.wikipedia.org/wiki/Calcul_distribu%c3%a9	False	0.02787930808512764	25	8
874.7183035504261	41	Logiciel	http://fr.wikipedia.org/wiki/Logiciel	False	0.01322458694111352	40	8
2559.9293203463285	41	Ordinateur	http://fr.wikipedia.org/wiki/Ordinateur	False	0.01462861413491914	80	8
2608.836069761754	41	Réseau de téléphonie mobile	http://fr.wikipedia.org/wiki/R%c3%a9seau_de_t%c3%a9l%c3%a9phonie_mobile	False	0.02673423076120514	9	8
3413.9731748021895	41	Téléphone	http://fr.wikipedia.org/wiki/T%c3%a9l%c3%a9phone	False	0.02049230059104628	22	8
2467.3120310595514	41	Internet	http://fr.wikipedia.org/wiki/Internet	False	0.01535118734626435	66	8
3306.958842838766	41	Téléphone mobile	http://fr.wikipedia.org/wiki/T%c3%a9l%c3%a9phone_mobile	False	0.02105438356059065	19	8
1052.6718992573599	42	Calcul distribué	http://fr.wikipedia.org/wiki/Calcul_distribu%c3%a9	False	0.01794521357548549	25	9
3066.689535163576	42	Jeu	http://fr.wikipedia.org/wiki/Jeu	False	0.01601499095692472	11	10
4640.862657445665	42	Avatar (informatique)	http://fr.wikipedia.org/wiki/Avatar_(informatique)	False	0.01330252667212851	8	9
3066.097930305589	42	Réalité virtuelle	http://fr.wikipedia.org/wiki/R%c3%a9alit%c3%a9_virtuelle	False	0.01432652283991454	13	10
3004.912230154261	42	Jeu de rôle	http://fr.wikipedia.org/wiki/Jeu_de_r%c3%b4le	False	0.02544362030128995	8	10
11219.81204235337	42	Monde virtuel	http://fr.wikipedia.org/wiki/Monde_virtuel	False	0.03598482745557579	11	9
886.5882023397173	42	Multijoueur	http://fr.wikipedia.org/wiki/Multijoueur	False	0.01906698591969832	8	10
2860.5989767337137	42	Jeu de rôle en ligne massivement multijoueur	http://fr.wikipedia.org/wiki/Jeu_de_r%c3%b4le_en_ligne_massivement_multijoueur	False	0.02447966369992696	13	10
7596.541870658499	42	Néologisme	http://fr.wikipedia.org/wiki/N%c3%a9ologisme	False	0.01382255495891633	19	10
8563.005184540058	42	Dé	http://fr.wikipedia.org/wiki/D%c3%a9	False	0.01613895407100325	4	7
6169.5111741202345	42	Virtuel	http://fr.wikipedia.org/wiki/Virtuel	False	0.01359449927929887	13	10
2467.3120310595514	43	Internet	http://fr.wikipedia.org/wiki/Internet	False	0.03123805883286783	66	4
3685.492610190192	43	Twitter	http://fr.wikipedia.org/wiki/Twitter	False	0.0298267234657001	18	4
2846.8818752166453	43	Facebook	http://fr.wikipedia.org/wiki/Facebook	False	0.05312456797043079	27	4
1940.864478506389	43	Commerce	http://fr.wikipedia.org/wiki/Commerce	False	0.01724812142130471	8	3
1052.6718992573599	43	Calcul distribué	http://fr.wikipedia.org/wiki/Calcul_distribu%c3%a9	False	0.02761986727934163	25	3
2128.9247524846546	44	Propriété intellectuelle	http://fr.wikipedia.org/wiki/Propri%c3%a9t%c3%a9_intellectuelle	False	0.00927217507240883	19	19
2640.1203942229185	44	Logiciel libre	http://fr.wikipedia.org/wiki/Logiciel_libre	False	0.006809801214899718	23	19
4302.109554599157	44	Disque dur	http://fr.wikipedia.org/wiki/Disque_dur	False	0.009301947563777776	31	18
2724.6649864563037	44	Site web	http://fr.wikipedia.org/wiki/Site_web	False	0.008354381628020113	16	20
874.7183035504261	44	Logiciel	http://fr.wikipedia.org/wiki/Logiciel	False	0.005934249612581866	40	19
6407.571157262612	44	Service (économie)	http://fr.wikipedia.org/wiki/Service_(%c3%a9conomie)	False	0.004656468382767415	12	18
2874.497001120514	44	Centre de données	http://fr.wikipedia.org/wiki/Centre_de_donn%c3%a9es	False	0.007240694440711572	23	18
48357.29671806636	44	2005	http://fr.wikipedia.org/wiki/2005	False	0.007328640825419705	30	19
609.4541648992667	44	Base de données	http://fr.wikipedia.org/wiki/Base_de_donn%c3%a9es	False	0.005175360244093236	29	20
1032.132957914254	44	Serveur informatique	http://fr.wikipedia.org/wiki/Serveur_informatique	False	0.01211630948130101	43	18
9626.267199367227	44	Quiz	http://fr.wikipedia.org/wiki/Quiz	False	0.005298790305019048	3	14
29766.20583950507	44	.eh	http://fr.wikipedia.org/wiki/%2eeh	False	0.006479473310164362	1	4
2285.610671165777	44	Entreprise	http://fr.wikipedia.org/wiki/Entreprise	False	0.006026157521715604	30	20
1052.6718992573599	44	Calcul distribué	http://fr.wikipedia.org/wiki/Calcul_distribu%c3%a9	False	0.005848558772627773	25	16
1940.864478506389	44	Commerce	http://fr.wikipedia.org/wiki/Commerce	False	0.005505624203283961	8	18
2247.8212470578587	44	Propriété	http://fr.wikipedia.org/wiki/Propri%c3%a9t%c3%a9	False	0.004401098367949908	8	16
2467.3120310595514	44	Internet	http://fr.wikipedia.org/wiki/Internet	False	0.009804759137382296	66	20
2846.8818752166453	44	Facebook	http://fr.wikipedia.org/wiki/Facebook	False	0.03035150991168882	27	19
3108.5831524038485	44	Droit	http://fr.wikipedia.org/wiki/Droit	False	0.005347930813449695	16	18
2917.5978396076416	44	Photographie	http://fr.wikipedia.org/wiki/Photographie	False	0.00517173389166358	13	18
4489.751158300759	44	Publicité	http://fr.wikipedia.org/wiki/Publicit%c3%a9	False	0.005632413493586713	25	19
1052.6718992573599	45	Calcul distribué	http://fr.wikipedia.org/wiki/Calcul_distribu%c3%a9	False	0.03024696350565554	25	12
1157.9927174616394	45	Interface graphique	http://fr.wikipedia.org/wiki/Interface_graphique	False	0.005896248128319959	14	11
3064.317018711736	45	Banque	http://fr.wikipedia.org/wiki/Banque	False	0.007944881128859736	18	13
489.34158696933014	45	Informatique	http://fr.wikipedia.org/wiki/Informatique	False	0.009142695562922529	117	15
874.7183035504261	45	Logiciel	http://fr.wikipedia.org/wiki/Logiciel	False	0.007909284385280772	40	15
2304.281655400024	45	Moteur de recherche	http://fr.wikipedia.org/wiki/Moteur_de_recherche	False	0.005606455469332038	18	15
3140.11084827275	45	Bourse (économie)	http://fr.wikipedia.org/wiki/Bourse_(%c3%a9conomie)	False	0.005958720448115599	12	13
3106.403401433929	45	Compagnie aérienne	http://fr.wikipedia.org/wiki/Compagnie_a%c3%a9rienne	False	0.00714980700239672	4	9
2342.918407346115	45	Opérateur de marché	http://fr.wikipedia.org/wiki/Op%c3%a9rateur_de_march%c3%a9	False	0.006701404252215284	7	9
1505.2394780180025	45	Système temps réel	http://fr.wikipedia.org/wiki/Syst%c3%a8me_temps_r%c3%a9el	False	0.007019600105940271	10	14
1009.9005535469877	45	Service web	http://fr.wikipedia.org/wiki/Service_web	False	0.01831203320333841	8	12
3060.9728747955787	45	Courrier électronique	http://fr.wikipedia.org/wiki/Courrier_%c3%a9lectronique	False	0.006849317473781893	27	15
3304.7039897972872	45	Courtier	http://fr.wikipedia.org/wiki/Courtier	False	0.006433564123256351	7	12
1997.486431776288	45	Information	http://fr.wikipedia.org/wiki/Information	False	0.008476207449587726	34	15
997.539295710798	45	Latence (informatique)	http://fr.wikipedia.org/wiki/Latence_(informatique)	False	0.006319338229603825	10	11
4900.276282045206	45	Seconde (temps)	http://fr.wikipedia.org/wiki/Seconde_(temps)	False	0.01222313776296089	15	9
1052.6718992573599	46	Calcul distribué	http://fr.wikipedia.org/wiki/Calcul_distribu%c3%a9	False	0.00984868448382159	25	7
1987.405181439355	46	Partage de fichiers	http://fr.wikipedia.org/wiki/Partage_de_fichiers	False	0.009774094088885108	7	7
2943.340876023262	46	Skype	http://fr.wikipedia.org/wiki/Skype	False	0.01946612743282806	21	7
2354.9036067436436	46	Pair à pair	http://fr.wikipedia.org/wiki/Pair_%c3%a0_pair	False	0.04661373643031592	22	7
2846.8818752166453	46	Facebook	http://fr.wikipedia.org/wiki/Facebook	False	0.01050580460611648	27	7
2058.972934598595	46	Voix sur IP	http://fr.wikipedia.org/wiki/Voix_sur_IP	False	0.0213174191256748	10	7
2467.3120310595514	46	Internet	http://fr.wikipedia.org/wiki/Internet	False	0.01544223281935589	66	7
874.7183035504261	46	Logiciel	http://fr.wikipedia.org/wiki/Logiciel	False	0.01086778312315734	40	7
2354.9036067436436	47	Pair à pair	http://fr.wikipedia.org/wiki/Pair_%c3%a0_pair	False	0.02474973922799505	22	6
489.34158696933014	47	Informatique	http://fr.wikipedia.org/wiki/Informatique	False	0.01368064869450941	117	6
2943.340876023262	47	Skype	http://fr.wikipedia.org/wiki/Skype	False	0.01376375231789857	21	6
3843.8863903612546	47	Infographie	http://fr.wikipedia.org/wiki/Infographie	False	0.02417492757153675	15	6
1052.6718992573599	47	Calcul distribué	http://fr.wikipedia.org/wiki/Calcul_distribu%c3%a9	False	0.0280353547245662	25	6
2559.9293203463285	47	Ordinateur	http://fr.wikipedia.org/wiki/Ordinateur	False	0.01270501534891932	80	6
4264.8430984304305	47	Superordinateur	http://fr.wikipedia.org/wiki/Superordinateur	False	0.02627622855393181	26	6
1279.564984295912	48	Écran de veille	http://fr.wikipedia.org/wiki/%c3%89cran_de_veille	False	0.0221102779649722	8	17
9425.221885413714	48	Astrosociobiologie	http://fr.wikipedia.org/wiki/Astrosociobiologie	False	0.003720594546224415	11	15
5296.073790237456	48	Onde électromagnétique	http://fr.wikipedia.org/wiki/Onde_%c3%a9lectromagn%c3%a9tique	False	0.01359401207367739	8	18
1997.486431776288	48	Information	http://fr.wikipedia.org/wiki/Information	False	0.004574907364821669	34	21
1032.132957914254	48	Serveur informatique	http://fr.wikipedia.org/wiki/Serveur_informatique	False	0.00448660541841453	43	19
2062.950384079067	48	Recherche scientifique	http://fr.wikipedia.org/wiki/Recherche_scientifique	False	0.00377982561730895	16	21
3060.9728747955787	48	Courrier électronique	http://fr.wikipedia.org/wiki/Courrier_%c3%a9lectronique	False	0.004182067687456127	27	19
1584.8054700946734	48	Chiffrement	http://fr.wikipedia.org/wiki/Chiffrement	False	0.003848467241759223	14	20
2467.3120310595514	48	Internet	http://fr.wikipedia.org/wiki/Internet	False	0.005678410920841579	66	21
7862.847359753845	48	Planète	http://fr.wikipedia.org/wiki/Plan%c3%a8te	False	0.003619713943545238	19	20
4155.04293722168	48	Vie extraterrestre	http://fr.wikipedia.org/wiki/Vie_extraterrestre	False	0.007172501929147228	12	21
4373.516235103961	48	Étoile	http://fr.wikipedia.org/wiki/%c3%89toile	False	0.004188475138635463	14	18
2559.9293203463285	48	Ordinateur	http://fr.wikipedia.org/wiki/Ordinateur	False	0.01146826420663107	80	21
1052.6718992573599	48	Calcul distribué	http://fr.wikipedia.org/wiki/Calcul_distribu%c3%a9	False	0.01230531611476218	25	21
874.7183035504261	48	Logiciel	http://fr.wikipedia.org/wiki/Logiciel	False	0.004749634158390159	40	20
8420.693552720604	48	Années 2000	http://fr.wikipedia.org/wiki/Ann%c3%a9es_2000	False	0.003632067623823157	33	21
37617.145356014014	48	Pi	http://fr.wikipedia.org/wiki/Pi	False	0.005695756996337975	21	20
3236.1708607103046	48	Intelligence artificielle	http://fr.wikipedia.org/wiki/Intelligence_artificielle	False	0.00423943660972109	44	21
609.4541648992667	48	Base de données	http://fr.wikipedia.org/wiki/Base_de_donn%c3%a9es	False	0.003887217273398069	29	21
1882.352168909437	48	Communication	http://fr.wikipedia.org/wiki/Communication	False	0.004092956032718062	37	21
2744.5862279929934	48	Ordinateur portable	http://fr.wikipedia.org/wiki/Ordinateur_portable	False	0.01027493319499602	22	19
6076.022716695896	48	Télévision	http://fr.wikipedia.org/wiki/T%c3%a9l%c3%a9vision	False	0.003607732954238433	21	21
1584.8054700946734	49	Chiffrement	http://fr.wikipedia.org/wiki/Chiffrement	False	0.01462859973570207	14	8
5275.7277416952775	49	Accélérateur de particules	http://fr.wikipedia.org/wiki/Acc%c3%a9l%c3%a9rateur_de_particules	False	0.02362786374995137	6	8
13176.152422450168	49	Physique	http://fr.wikipedia.org/wiki/Physique	False	0.01460253177538229	36	8
1023.3830747831581	49	Processeur	http://fr.wikipedia.org/wiki/Processeur	False	0.01345681605808961	34	8
609.4541648992667	49	Base de données	http://fr.wikipedia.org/wiki/Base_de_donn%c3%a9es	False	0.01500846769399972	29	8
2787.7970007903828	49	Génome	http://fr.wikipedia.org/wiki/G%c3%a9nome	False	0.03210751320352177	6	8
799.9618511235639	49	Grappe de serveurs	http://fr.wikipedia.org/wiki/Grappe_de_serveurs	False	0.02643019615890583	15	8
4252.506159283482	49	Octet	http://fr.wikipedia.org/wiki/Octet	False	0.03492301951860777	36	8
37873.577146541014	49	Téra	http://fr.wikipedia.org/wiki/T%c3%a9ra	False	0.01352062721092698	5	8
13176.152422450168	50	Physique	http://fr.wikipedia.org/wiki/Physique	False	0.006026108364326434	36	21
5739.6922612435155	50	Mini-ordinateur	http://fr.wikipedia.org/wiki/Mini-ordinateur	False	0.008427823217568577	11	12
3327.2516335284367	50	Circuit intégré	http://fr.wikipedia.org/wiki/Circuit_int%c3%a9gr%c3%a9	False	0.00568920188080939	21	21
4212.332778405637	50	Temps	http://fr.wikipedia.org/wiki/Temps	False	0.005071474083493312	24	20
2247.8212470578587	50	Propriété	http://fr.wikipedia.org/wiki/Propri%c3%a9t%c3%a9	False	0.005051642231980357	8	16
2911.92489758366	50	Température	http://fr.wikipedia.org/wiki/Temp%c3%a9rature	False	0.0089861609346339	16	21
8420.693552720604	50	Années 2000	http://fr.wikipedia.org/wiki/Ann%c3%a9es_2000	False	0.005662208178887083	33	21
4031.9790993829765	50	Feu de forêt	http://fr.wikipedia.org/wiki/Feu_de_for%c3%aat	False	0.01755160807758761	14	21
6148.85676726638	50	Forêt	http://fr.wikipedia.org/wiki/For%c3%aat	False	0.008525465183041868	14	20
6134.9826961645895	50	Pompier	http://fr.wikipedia.org/wiki/Pompier	False	0.005826722522911681	7	20
3504.3484834563583	50	Avion	http://fr.wikipedia.org/wiki/Avion	False	0.005614652947246239	12	20
6306.446403731924	50	Nanotechnologie	http://fr.wikipedia.org/wiki/Nanotechnologie	False	0.009557916254019748	19	21
874.7183035504261	50	Logiciel	http://fr.wikipedia.org/wiki/Logiciel	False	0.00559619303954826	40	21
2308.2816233595267	50	Sécurité	http://fr.wikipedia.org/wiki/S%c3%a9curit%c3%a9	False	0.005283888321220052	11	20
1052.6718992573599	50	Calcul distribué	http://fr.wikipedia.org/wiki/Calcul_distribu%c3%a9	False	0.006602574629815673	25	18
1466.3284669526847	50	Réseau de capteurs sans fil	http://fr.wikipedia.org/wiki/R%c3%a9seau_de_capteurs_sans_fil	False	0.006118083065756045	13	19
16186.31255314613	50	Hectare	http://fr.wikipedia.org/wiki/Hectare	False	0.007366183584095258	9	20
5601.602586280388	50	Silicium	http://fr.wikipedia.org/wiki/Silicium	False	0.01011780934881717	8	19
7733.993080218647	50	Abeille	http://fr.wikipedia.org/wiki/Abeille	False	0.006025298690098099	7	20
6761.055387923163	50	Capteur	http://fr.wikipedia.org/wiki/Capteur	False	0.01614343437344546	10	21
3571.086502479563	50	Écologie	http://fr.wikipedia.org/wiki/%c3%89cologie	False	0.006146997594817364	22	20
5493.90588839983	50	Biodégradation	http://fr.wikipedia.org/wiki/Biod%c3%a9gradation	False	0.006912100669657042	6	20
1735.6680174058183	51	Algorithme	http://fr.wikipedia.org/wiki/Algorithme	False	0.03159031626137276	21	3
2559.9293203463285	51	Ordinateur	http://fr.wikipedia.org/wiki/Ordinateur	False	0.01523333263995842	80	3
1988.242543135329	51	Mathématiques	http://fr.wikipedia.org/wiki/Math%c3%a9matiques	False	0.0129275271852812	37	3
1052.6718992573599	51	Calcul distribué	http://fr.wikipedia.org/wiki/Calcul_distribu%c3%a9	False	0.0593242226696121	25	3
1678.5961971089002	53	Itération	http://fr.wikipedia.org/wiki/It%c3%a9ration	False	0.009091850677303096	5	10
5311.086339376019	53	Espace (notion)	http://fr.wikipedia.org/wiki/Espace_(notion)	False	0.00664865432522625	10	10
3400.6023422529797	53	Histoire	http://fr.wikipedia.org/wiki/Histoire	False	0.0067080182009027	18	10
1882.352168909437	53	Communication	http://fr.wikipedia.org/wiki/Communication	False	0.008378660445884315	37	10
2559.9293203463285	53	Ordinateur	http://fr.wikipedia.org/wiki/Ordinateur	False	0.01563353517187885	80	10
1735.6680174058183	53	Algorithme	http://fr.wikipedia.org/wiki/Algorithme	False	0.03495795584242217	21	10
1655.9107220751766	53	Modèle mathématique	http://fr.wikipedia.org/wiki/Mod%c3%a8le_math%c3%a9matique	False	0.0132285721343616	8	10
4212.332778405637	53	Temps	http://fr.wikipedia.org/wiki/Temps	False	0.008835905496005226	24	10
3916.5765609455607	53	Théorie des graphes	http://fr.wikipedia.org/wiki/Th%c3%a9orie_des_graphes	False	0.01145904027585219	9	10
3222.319047022687	53	Fonction (mathématiques)	http://fr.wikipedia.org/wiki/Fonction_(math%c3%a9matiques)	False	0.00731697556944484	10	10
3108.5831524038485	53	Droit	http://fr.wikipedia.org/wiki/Droit	False	0.007367756795765096	16	10
3429.8752181035684	54	Réseau social	http://fr.wikipedia.org/wiki/R%c3%a9seau_social	False	0.01567339137785604	12	15
3676.3438058594775	54	Science	http://fr.wikipedia.org/wiki/Science	False	0.005748150890762044	41	15
2559.9293203463285	54	Ordinateur	http://fr.wikipedia.org/wiki/Ordinateur	False	0.00947499474961916	80	15
2874.497001120514	54	Centre de données	http://fr.wikipedia.org/wiki/Centre_de_donn%c3%a9es	False	0.009633497549629872	23	15
2995.723216671587	54	Réseau informatique	http://fr.wikipedia.org/wiki/R%c3%a9seau_informatique	False	0.01131663665009627	38	15
2554.613848147552	54	Routeur	http://fr.wikipedia.org/wiki/Routeur	False	0.0121707057057681	19	15
3916.5765609455607	54	Théorie des graphes	http://fr.wikipedia.org/wiki/Th%c3%a9orie_des_graphes	False	0.01144080366955319	9	15
1882.352168909437	54	Communication	http://fr.wikipedia.org/wiki/Communication	False	0.005699182691660954	37	15
489.34158696933014	54	Informatique	http://fr.wikipedia.org/wiki/Informatique	False	0.01078420447692056	117	15
2467.3120310595514	54	Internet	http://fr.wikipedia.org/wiki/Internet	False	0.006850693890181446	66	15
1032.132957914254	54	Serveur informatique	http://fr.wikipedia.org/wiki/Serveur_informatique	False	0.006671356370836628	43	15
3087.931731035863	54	Gmail	http://fr.wikipedia.org/wiki/Gmail	False	0.009103725785017829	16	14
1052.6718992573599	54	Calcul distribué	http://fr.wikipedia.org/wiki/Calcul_distribu%c3%a9	False	0.009733309191961295	25	15
2025.8105475035843	54	Traitement automatique du langage naturel	http://fr.wikipedia.org/wiki/Traitement_automatique_du_langage_naturel	False	0.01540684919942291	10	15
3855.0552305511733	54	Automate	http://fr.wikipedia.org/wiki/Automate	False	0.006780629493353256	10	14
3103.047760261933	54	Google	http://fr.wikipedia.org/wiki/Google	False	0.005638592733019795	42	15
2559.9293203463285	55	Ordinateur	http://fr.wikipedia.org/wiki/Ordinateur	False	0.02514141800256861	80	8
37617.145356014014	55	Pi	http://fr.wikipedia.org/wiki/Pi	False	0.01493655785506441	21	7
1655.9107220751766	55	Modèle mathématique	http://fr.wikipedia.org/wiki/Mod%c3%a8le_math%c3%a9matique	False	0.01569520945233301	8	7
3916.5765609455607	55	Théorie des graphes	http://fr.wikipedia.org/wiki/Th%c3%a9orie_des_graphes	False	0.01933490461565001	9	8
2803.5439458334954	55	Sociologie	http://fr.wikipedia.org/wiki/Sociologie	False	0.01190000238916993	18	8
9033.99980008618	55	Cheval-vapeur	http://fr.wikipedia.org/wiki/Cheval-vapeur	False	0.01550573509502448	5	6
2846.8818752166453	55	Facebook	http://fr.wikipedia.org/wiki/Facebook	False	0.02005061877999112	27	8
5636.31705411028	55	Vue	http://fr.wikipedia.org/wiki/Vue	False	0.008766429632748561	3	8
3429.8752181035684	55	Réseau social	http://fr.wikipedia.org/wiki/R%c3%a9seau_social	False	0.02569574914977948	12	6
1944.196274600013	56	Téléchargement	http://fr.wikipedia.org/wiki/T%c3%a9l%c3%a9chargement	False	0.00720248711782262	16	12
8420.693552720604	56	Années 2000	http://fr.wikipedia.org/wiki/Ann%c3%a9es_2000	False	0.007397009428687015	33	12
4301.6435468505815	56	Wikipédia	http://fr.wikipedia.org/wiki/Wikip%c3%a9dia	False	0.007197278113566412	23	12
1032.132957914254	56	Serveur informatique	http://fr.wikipedia.org/wiki/Serveur_informatique	False	0.02038861178046788	43	12
2467.3120310595514	56	Internet	http://fr.wikipedia.org/wiki/Internet	False	0.01032209464042136	66	12
1997.486431776288	56	Information	http://fr.wikipedia.org/wiki/Information	False	0.007522338530881248	34	12
7985.435247912597	56	Architecture	http://fr.wikipedia.org/wiki/Architecture	False	0.007035130251361301	12	11
1882.352168909437	56	Communication	http://fr.wikipedia.org/wiki/Communication	False	0.007290615960904176	37	12
2354.9036067436436	56	Pair à pair	http://fr.wikipedia.org/wiki/Pair_%c3%a0_pair	False	0.04096666093430153	22	12
3103.047760261933	56	Google	http://fr.wikipedia.org/wiki/Google	False	0.00856722179650514	42	12
965.438996550937	56	Fichier informatique	http://fr.wikipedia.org/wiki/Fichier_informatique	False	0.007692246100075166	16	12
2289.9713823090206	56	Client-serveur	http://fr.wikipedia.org/wiki/Client-serveur	False	0.01512042402366865	18	11
2846.8818752166453	56	Facebook	http://fr.wikipedia.org/wiki/Facebook	False	0.01129793423529588	27	12
18556.893929160968	57	Basque	http://fr.wikipedia.org/wiki/Basque	False	0.00689825095997698	10	16
1150.6917804349985	57	Bug (informatique)	http://fr.wikipedia.org/wiki/Bug_(informatique)	False	0.007002763061085954	22	17
6423.496189241845	57	Frise (architecture)	http://fr.wikipedia.org/wiki/Frise_(architecture)	False	0.01986573219949783	2	10
3060.9728747955787	57	Courrier électronique	http://fr.wikipedia.org/wiki/Courrier_%c3%a9lectronique	False	0.00820748071200281	27	16
18493.55686368635	57	Chronologie	http://fr.wikipedia.org/wiki/Chronologie	False	0.00861643930526406	4	15
4212.332778405637	57	Temps	http://fr.wikipedia.org/wiki/Temps	False	0.01267684882964619	24	17
3916.5765609455607	57	Théorie des graphes	http://fr.wikipedia.org/wiki/Th%c3%a9orie_des_graphes	False	0.01472306671975167	9	12
6131.321552796721	57	Besoin	http://fr.wikipedia.org/wiki/Besoin	False	0.006481605441396044	7	14
3809.0944211598326	57	Gaz à effet de serre	http://fr.wikipedia.org/wiki/Gaz_%c3%a0_effet_de_serre	False	0.006979360782165111	20	18
1882.352168909437	57	Communication	http://fr.wikipedia.org/wiki/Communication	False	0.01164175206368839	37	18
2247.8212470578587	57	Propriété	http://fr.wikipedia.org/wiki/Propri%c3%a9t%c3%a9	False	0.007473909353747327	8	17
2806.419981269177	57	Connaissance	http://fr.wikipedia.org/wiki/Connaissance	False	0.009046961195843401	17	17
8826.094867143807	57	Corrélation (statistiques)	http://fr.wikipedia.org/wiki/Corr%c3%a9lation_(statistiques)	False	0.007661323399490236	4	10
18123.9098125168	57	Flèche (architecture)	http://fr.wikipedia.org/wiki/Fl%c3%a8che_(architecture)	False	0.01055294367942827	2	10
2548.2831786561683	57	Message	http://fr.wikipedia.org/wiki/Message	False	0.007315156781522921	7	11
21621.156070983263	57	Arabes	http://fr.wikipedia.org/wiki/Arabes	False	0.006121141988624721	4	17
2403.5146532733747	57	Frise chronologique	http://fr.wikipedia.org/wiki/Frise_chronologique	False	0.01954950439477357	6	14
1735.6680174058183	57	Algorithme	http://fr.wikipedia.org/wiki/Algorithme	False	0.01968001762765104	21	14
2467.3120310595514	57	Internet	http://fr.wikipedia.org/wiki/Internet	False	0.01083045949454091	66	19
9969.597076047283	57	Gauche (politique)	http://fr.wikipedia.org/wiki/Gauche_(politique)	False	0.00673972638143551	11	18
1735.6680174058183	58	Algorithme	http://fr.wikipedia.org/wiki/Algorithme	False	0.03393332549826954	21	2
4304.06479437255	58	Architecture distribuée	http://fr.wikipedia.org/wiki/Architecture_distribu%c3%a9e	False	0.02308148929125274	12	3
804.690872883782	58	Diagramme de séquence	http://fr.wikipedia.org/wiki/Diagramme_de_s%c3%a9quence	False	0.06797194361113242	1	1
489.34158696933014	58	Informatique	http://fr.wikipedia.org/wiki/Informatique	False	0.02986983915946768	117	2
1052.6718992573599	59	Calcul distribué	http://fr.wikipedia.org/wiki/Calcul_distribu%c3%a9	False	0.08203815139342298	25	1
780.2304502312219	59	Algorithmique	http://fr.wikipedia.org/wiki/Algorithmique	False	0.06669047787486482	18	1
4082.717231671333	60	Sémantique	http://fr.wikipedia.org/wiki/S%c3%a9mantique	False	0.02893771031972072	11	3
2829.8976170326687	60	Langage	http://fr.wikipedia.org/wiki/Langage	False	0.02593567861959957	11	3
1988.242543135329	60	Mathématiques	http://fr.wikipedia.org/wiki/Math%c3%a9matiques	False	0.02794682579206739	37	3
2554.997714145464	60	Auto-organisation	http://fr.wikipedia.org/wiki/Auto-organisation	False	0.0806597489027761	9	3
2467.3120310595514	61	Internet	http://fr.wikipedia.org/wiki/Internet	False	0.005176183251068877	66	9
3676.3438058594775	61	Science	http://fr.wikipedia.org/wiki/Science	False	0.005382664954616542	41	9
1023.3830747831581	61	Processeur	http://fr.wikipedia.org/wiki/Processeur	False	0.007371175786353471	34	9
2559.9293203463285	61	Ordinateur	http://fr.wikipedia.org/wiki/Ordinateur	False	0.006108679757575051	80	9
487.34204640694463	61	Complexité en temps	http://fr.wikipedia.org/wiki/Complexit%c3%a9_en_temps	False	0.005652971178961101	5	9
4212.332778405637	61	Temps	http://fr.wikipedia.org/wiki/Temps	False	0.005481898585946572	24	9
13176.152422450168	61	Physique	http://fr.wikipedia.org/wiki/Physique	False	0.005699123169319676	36	9
780.2304502312219	61	Algorithmique	http://fr.wikipedia.org/wiki/Algorithmique	False	0.02785498037088323	18	9
2166.989512343761	61	Informaticien	http://fr.wikipedia.org/wiki/Informaticien	False	0.00902541588919498	9	9
1735.6680174058183	61	Algorithme	http://fr.wikipedia.org/wiki/Algorithme	False	0.03685038463975387	21	9
662.9140968885346	62	Problème de décision	http://fr.wikipedia.org/wiki/Probl%c3%a8me_de_d%c3%a9cision	False	0.03505398540038265	4	3
4115.671191188502	62	Problème du voyageur de commerce	http://fr.wikipedia.org/wiki/Probl%c3%a8me_du_voyageur_de_commerce	False	0.03633633863515565	5	3
1115.3983784994798	62	Interblocage	http://fr.wikipedia.org/wiki/Interblocage	False	0.08932514937419028	4	3
16445.621122221346	62	Mécanique quantique	http://fr.wikipedia.org/wiki/M%c3%a9canique_quantique	False	0.02889948647058155	14	3
4212.332778405637	63	Temps	http://fr.wikipedia.org/wiki/Temps	False	0.01360841298127944	24	8
2616.5671656023696	63	Rotation synchrone	http://fr.wikipedia.org/wiki/Rotation_synchrone	False	0.01346228500655188	2	3
3413.9731748021895	63	Téléphone	http://fr.wikipedia.org/wiki/T%c3%a9l%c3%a9phone	False	0.01531818839424599	22	7
2559.9293203463285	63	Ordinateur	http://fr.wikipedia.org/wiki/Ordinateur	False	0.01485557976746456	80	7
4900.276282045206	63	Seconde (temps)	http://fr.wikipedia.org/wiki/Seconde_(temps)	False	0.02138489409387476	15	8
5921.873790526208	63	Messagerie instantanée	http://fr.wikipedia.org/wiki/Messagerie_instantan%c3%a9e	False	0.03944402675039754	27	7
2846.8818752166453	63	Facebook	http://fr.wikipedia.org/wiki/Facebook	False	0.01334831994797192	27	8
1882.352168909437	63	Communication	http://fr.wikipedia.org/wiki/Communication	False	0.01361361270796898	37	7
3060.9728747955787	63	Courrier électronique	http://fr.wikipedia.org/wiki/Courrier_%c3%a9lectronique	False	0.01329921617578299	27	7
2467.3120310595514	64	Internet	http://fr.wikipedia.org/wiki/Internet	False	0.01258096288387113	66	18
5451.240319645454	64	Mètre	http://fr.wikipedia.org/wiki/M%c3%a8tre	False	0.005711656654172443	16	17
5547.326539145689	64	Censure	http://fr.wikipedia.org/wiki/Censure	False	0.005076842297926706	8	18
3306.958842838766	64	Téléphone mobile	http://fr.wikipedia.org/wiki/T%c3%a9l%c3%a9phone_mobile	False	0.01047625257879202	19	17
2412.2126278411497	64	Transmission Control Protocol	http://fr.wikipedia.org/wiki/Transmission_Control_Protocol	False	0.01083335009002359	8	10
2308.2816233595267	64	Sécurité	http://fr.wikipedia.org/wiki/S%c3%a9curit%c3%a9	False	0.005382856163790239	11	16
1603.6271326067042	64	Protocole de communication	http://fr.wikipedia.org/wiki/Protocole_de_communication	False	0.02185885399170504	21	16
5392.551974525826	64	Écriture	http://fr.wikipedia.org/wiki/%c3%89criture	False	0.004968723152547505	20	17
4900.276282045206	64	Seconde (temps)	http://fr.wikipedia.org/wiki/Seconde_(temps)	False	0.005104404068645894	15	17
2806.419981269177	64	Connaissance	http://fr.wikipedia.org/wiki/Connaissance	False	0.005595167687714469	17	16
3060.9728747955787	64	Courrier électronique	http://fr.wikipedia.org/wiki/Courrier_%c3%a9lectronique	False	0.01719321553053537	27	17
1690.6605424809868	64	Rotation synchrone	http://fr.wikipedia.org/wiki/Rotation_synchrone	False	0.005595139362228645	2	6
4118.287438646834	64	Justice	http://fr.wikipedia.org/wiki/Justice	False	0.004951199384792302	14	15
2377.481831874281	64	Individu	http://fr.wikipedia.org/wiki/Individu	False	0.004882356867639753	13	16
4212.332778405637	64	Temps	http://fr.wikipedia.org/wiki/Temps	False	0.006600698226852352	24	16
24529.5342754823	64	2005	http://fr.wikipedia.org/wiki/2005	False	0.004905404528084921	30	18
1503.7070431399477	64	Asynchronisme	http://fr.wikipedia.org/wiki/Asynchronisme	False	0.01094194825666345	8	14
1882.352168909437	64	Communication	http://fr.wikipedia.org/wiki/Communication	False	0.01139024657911537	37	17
2247.8212470578587	64	Propriété	http://fr.wikipedia.org/wiki/Propri%c3%a9t%c3%a9	False	0.004932281856830605	8	13
4246.486151246906	65	Code de la route	http://fr.wikipedia.org/wiki/Code_de_la_route	False	0.02628043233796179	6	8
3023.9735807257675	65	Automobile	http://fr.wikipedia.org/wiki/Automobile	False	0.01149171179996913	28	8
12879.688289475946	65	Moteur	http://fr.wikipedia.org/wiki/Moteur	False	0.008519653935973842	8	8
2370.7272221773665	65	Embouteillage (route)	http://fr.wikipedia.org/wiki/Embouteillage_(route)	False	0.01813247457890777	8	8
3107.320811474938	65	Humanité	http://fr.wikipedia.org/wiki/Humanit%c3%a9	False	0.009689827268654104	25	8
3108.5831524038485	65	Droit	http://fr.wikipedia.org/wiki/Droit	False	0.01029495700687564	16	8
6778.402114787938	65	Mort	http://fr.wikipedia.org/wiki/Mort	False	0.008743197204031019	4	8
2559.9293203463285	65	Ordinateur	http://fr.wikipedia.org/wiki/Ordinateur	False	0.03279563850677099	80	8
6874.947790844316	65	Véhicule	http://fr.wikipedia.org/wiki/V%c3%a9hicule	False	0.01203857103138575	11	8
3060.9728747955787	66	Courrier électronique	http://fr.wikipedia.org/wiki/Courrier_%c3%a9lectronique	False	0.01576610631093149	27	6
3523.8175453011777	66	Presse écrite	http://fr.wikipedia.org/wiki/Presse_%c3%a9crite	False	0.01376757835994631	9	5
2806.419981269177	66	Connaissance	http://fr.wikipedia.org/wiki/Connaissance	False	0.01891249581909119	17	6
2224.29660263258	66	Plantage	http://fr.wikipedia.org/wiki/Plantage	False	0.04906403505331525	7	3
2377.481831874281	66	Individu	http://fr.wikipedia.org/wiki/Individu	False	0.01802001595691015	13	5
21470.274636246686	66	Genre (biologie)	http://fr.wikipedia.org/wiki/Genre_(biologie)	False	0.03999896828347743	4	4
6366.8934232745405	66	Attention	http://fr.wikipedia.org/wiki/Attention	False	0.01241989567147888	1	5
1052.6718992573599	67	Calcul distribué	http://fr.wikipedia.org/wiki/Calcul_distribu%c3%a9	False	0.0162566805110351	25	7
1150.6917804349985	67	Bug (informatique)	http://fr.wikipedia.org/wiki/Bug_(informatique)	False	0.04395282288400187	22	7
2224.29660263258	67	Plantage	http://fr.wikipedia.org/wiki/Plantage	False	0.02065022505997004	7	7
2559.9293203463285	67	Ordinateur	http://fr.wikipedia.org/wiki/Ordinateur	False	0.01979113005424621	80	7
8738.098175042795	67	Anglais	http://fr.wikipedia.org/wiki/Anglais	False	0.01426448051147717	36	7
780.2304502312219	67	Algorithmique	http://fr.wikipedia.org/wiki/Algorithmique	False	0.0188260093048244	18	7
1735.6680174058183	67	Algorithme	http://fr.wikipedia.org/wiki/Algorithme	False	0.01977768490206093	21	7
1115.3983784994798	67	Interblocage	http://fr.wikipedia.org/wiki/Interblocage	False	0.02379255386949762	4	7
7553.954597374144	68	Canada	http://fr.wikipedia.org/wiki/Canada	False	0.01082166018898909	42	6
8895.85795672191	68	Blattaria	http://fr.wikipedia.org/wiki/Blattaria	False	0.01114371446270208	3	2
19205.839828429285	68	Années 1970	http://fr.wikipedia.org/wiki/Ann%c3%a9es_1970	False	0.0147271454392693	37	6
3306.8149972303136	68	Machine	http://fr.wikipedia.org/wiki/Machine	False	0.01309289170479902	20	5
1150.6917804349985	68	Bug (informatique)	http://fr.wikipedia.org/wiki/Bug_(informatique)	False	0.05372033719271728	22	5
2559.9293203463285	68	Ordinateur	http://fr.wikipedia.org/wiki/Ordinateur	False	0.02396790746347255	80	5
12123.061768450942	68	Châtaigne	http://fr.wikipedia.org/wiki/Ch%c3%a2taigne	False	0.02002719378150363	2	5
1150.6917804349985	69	Bug (informatique)	http://fr.wikipedia.org/wiki/Bug_(informatique)	False	0.02311488749732105	22	7
7503.628440571287	69	Dollar américain	http://fr.wikipedia.org/wiki/Dollar_am%c3%a9ricain	False	0.02168507629185392	18	7
2586.5267634336515	69	Sonde spatiale	http://fr.wikipedia.org/wiki/Sonde_spatiale	False	0.01659439625725483	12	6
2633.9036374440257	69	Fusée (astronautique)	http://fr.wikipedia.org/wiki/Fus%c3%a9e_(astronautique)	False	0.01672168576885863	11	7
18903.231432158464	69	Lance	http://fr.wikipedia.org/wiki/Lance	False	0.011637731985711	1	5
19205.839828429285	69	Années 1970	http://fr.wikipedia.org/wiki/Ann%c3%a9es_1970	False	0.01515638935314736	37	7
4387.201998718217	69	Jour	http://fr.wikipedia.org/wiki/Jour	False	0.01319694915482625	11	6
164237.3284553701	69	4 juin	http://fr.wikipedia.org/wiki/4_juin	False	0.04870258391196432	5	7
3108.5831524038485	70	Droit	http://fr.wikipedia.org/wiki/Droit	False	0.01066247740322718	16	7
1150.6917804349985	70	Bug (informatique)	http://fr.wikipedia.org/wiki/Bug_(informatique)	False	0.02910404136106998	22	7
6136.343080417365	70	Fumée	http://fr.wikipedia.org/wiki/Fum%c3%a9e	False	0.009941907084988823	6	7
2633.9036374440257	70	Fusée (astronautique)	http://fr.wikipedia.org/wiki/Fus%c3%a9e_(astronautique)	False	0.0333948710614283	11	7
19205.839828429285	70	Années 1970	http://fr.wikipedia.org/wiki/Ann%c3%a9es_1970	False	0.01321805460896048	37	7
7503.628440571287	70	Dollar américain	http://fr.wikipedia.org/wiki/Dollar_am%c3%a9ricain	False	0.0221345450301979	18	7
3083.3161713183868	70	Astronomie	http://fr.wikipedia.org/wiki/Astronomie	False	0.01096858272111314	24	7
4900.276282045206	70	Seconde (temps)	http://fr.wikipedia.org/wiki/Seconde_(temps)	False	0.01012119976595451	15	7
8334.315985967147	71	Gyroscope	http://fr.wikipedia.org/wiki/Gyroscope	False	0.01511576885874646	7	14
10678.348439463718	71	Pouce (unité)	http://fr.wikipedia.org/wiki/Pouce_(unit%c3%a9)	False	0.005498487004194481	14	14
13176.152422450168	71	Physique	http://fr.wikipedia.org/wiki/Physique	False	0.006527424605897342	36	16
2697.7932770945895	71	Pilote automatique	http://fr.wikipedia.org/wiki/Pilote_automatique	False	0.009808191444410955	5	14
2559.9293203463285	71	Ordinateur	http://fr.wikipedia.org/wiki/Ordinateur	False	0.007942139216340061	80	15
3385.3090857237576	71	Navigation inertielle	http://fr.wikipedia.org/wiki/Navigation_inertielle	False	0.02676527001224498	4	13
3083.3161713183868	71	Astronomie	http://fr.wikipedia.org/wiki/Astronomie	False	0.005168306903331445	24	16
489.34158696933014	71	Informatique	http://fr.wikipedia.org/wiki/Informatique	False	0.00739381871396765	117	16
8219.712843536772	71	Technique	http://fr.wikipedia.org/wiki/Technique	False	0.005133450921665669	37	15
1997.486431776288	71	Information	http://fr.wikipedia.org/wiki/Information	False	0.005076401431109665	34	13
1882.352168909437	71	Communication	http://fr.wikipedia.org/wiki/Communication	False	0.005183744130421416	37	14
2202.5383031583156	71	Supersonique	http://fr.wikipedia.org/wiki/Supersonique	False	0.00516016406202748	4	15
20902.46363663362	71	Module (hydrologie)	http://fr.wikipedia.org/wiki/Module_(hydrologie)	False	0.006499740836476331	2	6
8626.922037503142	71	Guidage de missile	http://fr.wikipedia.org/wiki/Guidage_de_missile	False	0.007501501614685595	3	13
1782.4437413711835	71	Bit	http://fr.wikipedia.org/wiki/Bit	False	0.01534565034076436	27	15
3020.8184066820945	71	Ingénieur	http://fr.wikipedia.org/wiki/Ing%c3%a9nieur	False	0.005624420995851905	23	15
2633.9036374440257	71	Fusée (astronautique)	http://fr.wikipedia.org/wiki/Fus%c3%a9e_(astronautique)	False	0.008991673779330515	11	16
2354.9036067436436	72	Pair à pair	http://fr.wikipedia.org/wiki/Pair_%c3%a0_pair	False	0.03484464670802856	22	9
4212.332778405637	72	Temps	http://fr.wikipedia.org/wiki/Temps	False	0.008530393307507898	24	8
5585.190336832873	72	Acteur	http://fr.wikipedia.org/wiki/Acteur	False	0.01491474116027115	3	5
1052.6718992573599	72	Calcul distribué	http://fr.wikipedia.org/wiki/Calcul_distribu%c3%a9	False	0.02306091397423906	25	7
3529.418078154289	72	Homo sapiens	http://fr.wikipedia.org/wiki/Homo_sapiens	False	0.008018282826967534	24	9
2062.950384079067	72	Recherche scientifique	http://fr.wikipedia.org/wiki/Recherche_scientifique	False	0.009003337465937955	16	9
2919.068545581799	72	Besoin	http://fr.wikipedia.org/wiki/Besoin	False	0.007957919357190426	7	7
1255.3303974290116	72	Serveur central	http://fr.wikipedia.org/wiki/Serveur_central	False	0.02287365838867823	12	7
1882.352168909437	72	Communication	http://fr.wikipedia.org/wiki/Communication	False	0.00952648281021687	37	9
1032.132957914254	72	Serveur informatique	http://fr.wikipedia.org/wiki/Serveur_informatique	False	0.02173553666966884	43	8
29766.20583950507	73	.eh	http://fr.wikipedia.org/wiki/%2eeh	False	0.1177300672218091	1	0
7127.816408332575	73	Si (branche terrestre)	http://fr.wikipedia.org/wiki/Si_(branche_terrestre)	False	0.08003890849048814	1	0
1735.6680174058183	74	Algorithme	http://fr.wikipedia.org/wiki/Algorithme	False	0.01460618644665861	21	4
19418.467606308204	74	Télougou	http://fr.wikipedia.org/wiki/T%c3%a9lougou	False	0.01079525349795999	2	6
8019.815607764762	74	Pronom personnel	http://fr.wikipedia.org/wiki/Pronom_personnel	False	0.008326091108388481	1	4
10594.275937589562	74	.si	http://fr.wikipedia.org/wiki/%2esi	False	0.02270346717057957	1	5
1536.4547076666036	74	Système d'information	http://fr.wikipedia.org/wiki/Syst%c3%a8me_d%27information	False	0.008464916427204153	18	6
17657.582541096308	74	Zéro d'une fonction	http://fr.wikipedia.org/wiki/Z%c3%a9ro_d%27une_fonction	False	0.007999148948825582	5	1
13132.917682944873	74	.je	http://fr.wikipedia.org/wiki/%2eje	False	0.02084372177775791	1	5
3948.2806400050763	74	Épidémie	http://fr.wikipedia.org/wiki/%c3%89pid%c3%a9mie	False	0.01015773533202817	4	4
1882.352168909437	74	Communication	http://fr.wikipedia.org/wiki/Communication	False	0.0131507954063403	37	6
29766.20583950507	74	.eh	http://fr.wikipedia.org/wiki/%2eeh	False	0.04065826517856564	1	3
18556.893929160968	74	Basque	http://fr.wikipedia.org/wiki/Basque	False	0.0161870352104263	10	8
